county,county_fips,election_precinct_id,election_suffix4,candidate_crosswalk_precinct_id,crosswalk_suffix4
ADAMS,08001,320,320,080013320,3320
ARAPAHOE,08005,1260103101,3101,080053101,3101
ARAPAHOE,08005,1260303101,3101,080053101,3101
ARAPAHOE,08005,1260303201,3201,080053201,3201
ARAPAHOE,08005,1284103401,3401,080053401,3401
ARAPAHOE,08005,1284103402,3402,080053402,3402
ARAPAHOE,08005,1284103403,3403,080053403,3403
ARAPAHOE,08005,1310903402,3402,080053402,3402
ARAPAHOE,08005,1310903501,3501,080053501,3501
ARAPAHOE,08005,1320903501,3501,080053501,3501
ARAPAHOE,08005,6260303101,3101,080053101,3101
ARAPAHOE,08005,6260303201,3201,080053201,3201
ARAPAHOE,08005,6260903401,3401,080053401,3401
ARAPAHOE,08005,6260903403,3403,080053403,3403
ARAPAHOE,08005,6263703201,3201,080053201,3201
ARAPAHOE,08005,6264103401,3401,080053401,3401
ARAPAHOE,08005,6264103403,3403,080053403,3403
ARAPAHOE,08005,6273903301,3301,080053301,3301
ARAPAHOE,08005,6273903302,3302,080053302,3302
ARAPAHOE,08005,6274003302,3302,080053302,3302
ARAPAHOE,08005,6283603501,3501,080053501,3501
ARAPAHOE,08005,6284003302,3302,080053302,3302
ARAPAHOE,08005,6284103301,3301,080053301,3301
ARAPAHOE,08005,6294003301,3301,080053301,3301
ARAPAHOE,08005,6294003302,3302,080053302,3302
ARAPAHOE,08005,6294103301,3301,080053301,3301
ARAPAHOE,08005,7273603501,3501,080053501,3501
BOULDER,08013,2163307101,7101,080137101,7101
BOULDER,08013,2163307102,7102,080137102,7102
BOULDER,08013,2163307103,7103,080137103,7103
BOULDER,08013,2163307104,7104,080137104,7104
BOULDER,08013,2163307105,7105,080137105,7105
BOULDER,08013,2163307106,7106,080137106,7106
BOULDER,08013,2163307107,7107,080137107,7107
BOULDER,08013,2171207201,7201,080137201,7201
BOULDER,08013,2171207202,7202,080137202,7202
BOULDER,08013,2171207203,7203,080137203,7203
BOULDER,08013,2171207204,7204,080137204,7204
BOULDER,08013,2171207205,7205,080137205,7205
BOULDER,08013,2171207206,7206,080137206,7206
BOULDER,08013,2171207207,7207,080137207,7207
BOULDER,08013,2171207208,7208,080137208,7208
BOULDER,08013,2171207209,7209,080137209,7209
BOULDER,08013,2171207210,7210,080137210,7210
BOULDER,08013,2171207211,7211,080137211,7211
BOULDER,08013,2171207212,7212,080137212,7212
BOULDER,08013,2171207213,7213,080137213,7213
BOULDER,08013,2171207214,7214,080137214,7214
BOULDER,08013,2171207215,7215,080137215,7215
BOULDER,08013,2171207301,7301,080137301,7301
BOULDER,08013,2171207302,7302,080137302,7302
BOULDER,08013,2171207303,7303,080137303,7303
BOULDER,08013,2171207304,7304,080137304,7304
BOULDER,08013,2171207305,7305,080137305,7305
BOULDER,08013,2171207306,7306,080137306,7306
BOULDER,08013,2171207307,7307,080137307,7307
BOULDER,08013,2171207308,7308,080137308,7308
BOULDER,08013,2171207309,7309,080137309,7309
BOULDER,08013,2171207310,7310,080137310,7310
BOULDER,08013,2171207311,7311,080137311,7311
BOULDER,08013,2171207312,7312,080137312,7312
BOULDER,08013,2171207313,7313,080137313,7313
BOULDER,08013,2171207314,7314,080137314,7314
BOULDER,08013,2171207315,7315,080137315,7315
BOULDER,08013,2171207316,7316,080137316,7316
BOULDER,08013,2181007101,7101,080137101,7101
BOULDER,08013,2181007102,7102,080137102,7102
BOULDER,08013,2181007103,7103,080137103,7103
BOULDER,08013,2181007104,7104,080137104,7104
BOULDER,08013,2181007105,7105,080137105,7105
BOULDER,08013,2181007106,7106,080137106,7106
BOULDER,08013,2181007107,7107,080137107,7107
BOULDER,08013,2181007108,7108,080137108,7108
BOULDER,08013,2181007109,7109,080137109,7109
BOULDER,08013,2181007110,7110,080137110,7110
BOULDER,08013,2181007111,7111,080137111,7111
BOULDER,08013,2181007112,7112,080137112,7112
BOULDER,08013,2181007113,7113,080137113,7113
BOULDER,08013,2181007114,7114,080137114,7114
BOULDER,08013,2181007115,7115,080137115,7115
BOULDER,08013,2181007116,7116,080137116,7116
BOULDER,08013,2181007117,7117,080137117,7117
BOULDER,08013,2181007118,7118,080137118,7118
BOULDER,08013,2181007119,7119,080137119,7119
BOULDER,08013,2181007120,7120,080137120,7120
BOULDER,08013,2181007121,7121,080137121,7121
BOULDER,08013,2181007122,7122,080137122,7122
BOULDER,08013,2181007123,7123,080137123,7123
BOULDER,08013,2181107124,7124,080137124,7124
BOULDER,08013,2181107125,7125,080137125,7125
BOULDER,08013,2181207101,7101,080137101,7101
BOULDER,08013,2181207102,7102,080137102,7102
BOULDER,08013,2181207103,7103,080137103,7103
BOULDER,08013,2181207104,7104,080137104,7104
BOULDER,08013,2181207105,7105,080137105,7105
BOULDER,08013,2181207106,7106,080137106,7106
BOULDER,08013,2181207201,7201,080137201,7201
BOULDER,08013,2181207202,7202,080137202,7202
BOULDER,08013,2181207203,7203,080137203,7203
BOULDER,08013,2181207204,7204,080137204,7204
BOULDER,08013,2181207205,7205,080137205,7205
BOULDER,08013,2181207206,7206,080137206,7206
BOULDER,08013,2181207207,7207,080137207,7207
BOULDER,08013,2181207208,7208,080137208,7208
BOULDER,08013,2181207209,7209,080137209,7209
BOULDER,08013,2181207210,7210,080137210,7210
BOULDER,08013,2181207211,7211,080137211,7211
BOULDER,08013,2181207212,7212,080137212,7212
BOULDER,08013,4171107201,7201,080137201,7201
BOULDER,08013,4171107202,7202,080137202,7202
BOULDER,08013,4171107203,7203,080137203,7203
BOULDER,08013,4171107204,7204,080137204,7204
BOULDER,08013,4171107205,7205,080137205,7205
BOULDER,08013,4171107206,7206,080137206,7206
BOULDER,08013,4171107207,7207,080137207,7207
BOULDER,08013,4171107208,7208,080137208,7208
BOULDER,08013,4171107209,7209,080137209,7209
BOULDER,08013,4171107210,7210,080137210,7210
BOULDER,08013,4171107211,7211,080137211,7211
BOULDER,08013,4171107212,7212,080137212,7212
BOULDER,08013,4171107213,7213,080137213,7213
BOULDER,08013,4171107214,7214,080137214,7214
BOULDER,08013,4171207215,7215,080137215,7215
BOULDER,08013,4171207216,7216,080137216,7216
BOULDER,08013,4171207217,7217,080137217,7217
BOULDER,08013,4171207218,7218,080137218,7218
BOULDER,08013,4171207219,7219,080137219,7219
BOULDER,08013,4171207220,7220,080137220,7220
BOULDER,08013,4171207221,7221,080137221,7221
BOULDER,08013,4171207222,7222,080137222,7222
BOULDER,08013,4171207223,7223,080137223,7223
BOULDER,08013,4171207224,7224,080137224,7224
BOULDER,08013,4171207225,7225,080137225,7225
BOULDER,08013,4171207226,7226,080137226,7226
BOULDER,08013,4171207227,7227,080137227,7227
BOULDER,08013,4171207228,7228,080137228,7228
BOULDER,08013,4171207229,7229,080137229,7229
BOULDER,08013,4171207230,7230,080137230,7230
BOULDER,08013,4181107231,7231,080137231,7231
BOULDER,08013,4181307232,7232,080137232,7232
BOULDER,08013,4181307233,7233,080137233,7233
BOULDER,08013,4181307234,7234,080137234,7234
CONEJOS,08021,3056211001,1001,08021001,1001
CONEJOS,08021,3056211002,1002,08021002,1002
CONEJOS,08021,3056211003,1003,08021003,1003
CONEJOS,08021,3056211004,1004,08021004,1004
CONEJOS,08021,3056211005,1005,08021005,1005
CONEJOS,08021,3056211006,1006,08021006,1006
CONEJOS,08021,3056211007,1007,08021007,1007
CONEJOS,08021,3056211008,1008,08021008,1008
CONEJOS,08021,3056211009,1009,08021009,1009
CONEJOS,08021,3056211010,1010,08021010,1010
CONEJOS,08021,3066211001,1001,08021001,1001
CONEJOS,08021,3066211002,1002,08021002,1002
CONEJOS,08021,3066211003,1003,08021003,1003
CONEJOS,08021,3066211004,1004,08021004,1004
CONEJOS,08021,3066211005,1005,08021005,1005
CONEJOS,08021,3066211006,1006,08021006,1006
CONEJOS,08021,3066211007,1007,08021007,1007
CONEJOS,08021,3066211008,1008,08021008,1008
CONEJOS,08021,3066211009,1009,08021009,1009
CONEJOS,08021,3066211010,1010,08021010,1010
CONEJOS,08021,3356211001,1001,08021001,1001
CONEJOS,08021,3356211002,1002,08021002,1002
CONEJOS,08021,3356211003,1003,08021003,1003
CONEJOS,08021,3356211004,1004,08021004,1004
CONEJOS,08021,3356211005,1005,08021005,1005
CONEJOS,08021,3356211006,1006,08021006,1006
CONEJOS,08021,3356211007,1007,08021007,1007
CONEJOS,08021,3356211008,1008,08021008,1008
CONEJOS,08021,3356211009,1009,08021009,1009
CONEJOS,08021,3356211010,1010,08021010,1010
DENVER,08031,1,1,080311001,1001
DENVER,08031,1,1,08031101,1101
DENVER,08031,1,1,080311011,1011
DENVER,08031,1,1,080311021,1021
DENVER,08031,1,1,080311031,1031
DENVER,08031,1,1,080311041,1041
DENVER,08031,1,1,080311051,1051
DENVER,08031,1,1,08031111,1111
DENVER,08031,1,1,08031121,1121
DENVER,08031,1,1,08031131,1131
DENVER,08031,10,10,080311010,1010
DENVER,08031,10,10,08031110,1110
DENVER,08031,10,10,08031210,1210
DENVER,08031,10,10,08031310,1310
DENVER,08031,10,10,08031410,1410
DENVER,08031,10,10,08031510,1510
DENVER,08031,10,10,08031610,1610
DENVER,08031,10,10,08031710,1710
DENVER,08031,10,10,08031810,1810
DENVER,08031,10,10,08031910,1910
DENVER,08031,11,11,080311011,1011
DENVER,08031,11,11,08031111,1111
DENVER,08031,11,11,08031211,1211
DENVER,08031,11,11,08031311,1311
DENVER,08031,11,11,08031411,1411
DENVER,08031,11,11,08031511,1511
DENVER,08031,11,11,08031611,1611
DENVER,08031,11,11,08031711,1711
DENVER,08031,11,11,08031811,1811
DENVER,08031,11,11,08031911,1911
DENVER,08031,12,12,080311012,1012
DENVER,08031,12,12,08031112,1112
DENVER,08031,12,12,08031212,1212
DENVER,08031,12,12,08031312,1312
DENVER,08031,12,12,08031412,1412
DENVER,08031,12,12,08031512,1512
DENVER,08031,12,12,08031612,1612
DENVER,08031,12,12,08031712,1712
DENVER,08031,12,12,08031812,1812
DENVER,08031,12,12,08031912,1912
DENVER,08031,13,13,080311013,1013
DENVER,08031,13,13,08031113,1113
DENVER,08031,13,13,08031213,1213
DENVER,08031,13,13,08031313,1313
DENVER,08031,13,13,08031413,1413
DENVER,08031,13,13,08031513,1513
DENVER,08031,13,13,08031613,1613
DENVER,08031,13,13,08031713,1713
DENVER,08031,13,13,08031813,1813
DENVER,08031,13,13,08031913,1913
DENVER,08031,14,14,080311014,1014
DENVER,08031,14,14,08031114,1114
DENVER,08031,14,14,08031214,1214
DENVER,08031,14,14,08031314,1314
DENVER,08031,14,14,08031414,1414
DENVER,08031,14,14,08031514,1514
DENVER,08031,14,14,08031614,1614
DENVER,08031,14,14,08031714,1714
DENVER,08031,14,14,08031814,1814
DENVER,08031,14,14,08031914,1914
DENVER,08031,15,15,080311015,1015
DENVER,08031,15,15,08031115,1115
DENVER,08031,15,15,08031215,1215
DENVER,08031,15,15,08031315,1315
DENVER,08031,15,15,08031415,1415
DENVER,08031,15,15,08031515,1515
DENVER,08031,15,15,08031615,1615
DENVER,08031,15,15,08031715,1715
DENVER,08031,15,15,08031815,1815
DENVER,08031,15,15,08031915,1915
DENVER,08031,16,16,080311016,1016
DENVER,08031,16,16,08031116,1116
DENVER,08031,16,16,08031216,1216
DENVER,08031,16,16,08031316,1316
DENVER,08031,16,16,08031416,1416
DENVER,08031,16,16,08031516,1516
DENVER,08031,16,16,08031616,1616
DENVER,08031,16,16,08031716,1716
DENVER,08031,16,16,08031816,1816
DENVER,08031,16,16,08031916,1916
DENVER,08031,17,17,080311017,1017
DENVER,08031,17,17,08031117,1117
DENVER,08031,17,17,08031217,1217
DENVER,08031,17,17,08031317,1317
DENVER,08031,17,17,08031417,1417
DENVER,08031,17,17,08031517,1517
DENVER,08031,17,17,08031617,1617
DENVER,08031,17,17,08031717,1717
DENVER,08031,17,17,08031817,1817
DENVER,08031,17,17,08031917,1917
DENVER,08031,18,18,080311018,1018
DENVER,08031,18,18,08031118,1118
DENVER,08031,18,18,08031218,1218
DENVER,08031,18,18,08031318,1318
DENVER,08031,18,18,08031418,1418
DENVER,08031,18,18,08031518,1518
DENVER,08031,18,18,08031618,1618
DENVER,08031,18,18,08031718,1718
DENVER,08031,18,18,08031818,1818
DENVER,08031,18,18,08031918,1918
DENVER,08031,19,19,080311019,1019
DENVER,08031,19,19,08031119,1119
DENVER,08031,19,19,08031219,1219
DENVER,08031,19,19,08031319,1319
DENVER,08031,19,19,08031419,1419
DENVER,08031,19,19,08031519,1519
DENVER,08031,19,19,08031619,1619
DENVER,08031,19,19,08031719,1719
DENVER,08031,19,19,08031819,1819
DENVER,08031,19,19,08031919,1919
DENVER,08031,2,2,080311002,1002
DENVER,08031,2,2,080311012,1012
DENVER,08031,2,2,08031102,1102
DENVER,08031,2,2,080311022,1022
DENVER,08031,2,2,080311032,1032
DENVER,08031,2,2,080311042,1042
DENVER,08031,2,2,080311052,1052
DENVER,08031,2,2,08031112,1112
DENVER,08031,2,2,08031122,1122
DENVER,08031,2,2,08031132,1132
DENVER,08031,20,20,080311020,1020
DENVER,08031,20,20,08031120,1120
DENVER,08031,20,20,08031220,1220
DENVER,08031,20,20,08031320,1320
DENVER,08031,20,20,08031420,1420
DENVER,08031,20,20,08031520,1520
DENVER,08031,20,20,08031620,1620
DENVER,08031,20,20,08031720,1720
DENVER,08031,20,20,08031820,1820
DENVER,08031,20,20,08031920,1920
DENVER,08031,21,21,080311021,1021
DENVER,08031,21,21,08031121,1121
DENVER,08031,21,21,08031221,1221
DENVER,08031,21,21,08031421,1421
DENVER,08031,21,21,08031521,1521
DENVER,08031,21,21,08031621,1621
DENVER,08031,21,21,08031721,1721
DENVER,08031,21,21,08031821,1821
DENVER,08031,21,21,08031921,1921
DENVER,08031,22,22,080311022,1022
DENVER,08031,22,22,08031122,1122
DENVER,08031,22,22,08031222,1222
DENVER,08031,22,22,08031422,1422
DENVER,08031,22,22,08031522,1522
DENVER,08031,22,22,08031622,1622
DENVER,08031,22,22,08031722,1722
DENVER,08031,22,22,08031822,1822
DENVER,08031,22,22,08031922,1922
DENVER,08031,23,23,080311023,1023
DENVER,08031,23,23,08031123,1123
DENVER,08031,23,23,08031223,1223
DENVER,08031,23,23,08031423,1423
DENVER,08031,23,23,08031523,1523
DENVER,08031,23,23,08031623,1623
DENVER,08031,23,23,08031723,1723
DENVER,08031,23,23,08031823,1823
DENVER,08031,23,23,08031923,1923
DENVER,08031,3,3,080311003,1003
DENVER,08031,3,3,080311013,1013
DENVER,08031,3,3,080311023,1023
DENVER,08031,3,3,08031103,1103
DENVER,08031,3,3,080311033,1033
DENVER,08031,3,3,080311043,1043
DENVER,08031,3,3,08031113,1113
DENVER,08031,3,3,08031123,1123
DENVER,08031,3,3,08031133,1133
DENVER,08031,3,3,08031143,1143
DENVER,08031,4,4,080311004,1004
DENVER,08031,4,4,080311014,1014
DENVER,08031,4,4,080311024,1024
DENVER,08031,4,4,080311034,1034
DENVER,08031,4,4,08031104,1104
DENVER,08031,4,4,080311044,1044
DENVER,08031,4,4,08031114,1114
DENVER,08031,4,4,08031124,1124
DENVER,08031,4,4,08031134,1134
DENVER,08031,4,4,08031144,1144
DENVER,08031,5,5,080311005,1005
DENVER,08031,5,5,080311015,1015
DENVER,08031,5,5,080311025,1025
DENVER,08031,5,5,080311035,1035
DENVER,08031,5,5,080311045,1045
DENVER,08031,5,5,08031105,1105
DENVER,08031,5,5,08031115,1115
DENVER,08031,5,5,08031125,1125
DENVER,08031,5,5,08031135,1135
DENVER,08031,5,5,08031205,1205
DENVER,08031,6,6,080311006,1006
DENVER,08031,6,6,080311016,1016
DENVER,08031,6,6,080311026,1026
DENVER,08031,6,6,080311036,1036
DENVER,08031,6,6,080311046,1046
DENVER,08031,6,6,08031106,1106
DENVER,08031,6,6,08031116,1116
DENVER,08031,6,6,08031126,1126
DENVER,08031,6,6,08031136,1136
DENVER,08031,6,6,08031206,1206
DENVER,08031,7,7,080311007,1007
DENVER,08031,7,7,080311017,1017
DENVER,08031,7,7,080311027,1027
DENVER,08031,7,7,080311037,1037
DENVER,08031,7,7,080311047,1047
DENVER,08031,7,7,08031107,1107
DENVER,08031,7,7,08031117,1117
DENVER,08031,7,7,08031127,1127
DENVER,08031,7,7,08031137,1137
DENVER,08031,7,7,08031207,1207
DENVER,08031,8,8,080311008,1008
DENVER,08031,8,8,080311018,1018
DENVER,08031,8,8,080311028,1028
DENVER,08031,8,8,080311038,1038
DENVER,08031,8,8,080311048,1048
DENVER,08031,8,8,08031108,1108
DENVER,08031,8,8,08031118,1118
DENVER,08031,8,8,08031128,1128
DENVER,08031,8,8,08031138,1138
DENVER,08031,8,8,08031208,1208
DENVER,08031,9,9,080311009,1009
DENVER,08031,9,9,080311019,1019
DENVER,08031,9,9,080311029,1029
DENVER,08031,9,9,080311039,1039
DENVER,08031,9,9,080311049,1049
DENVER,08031,9,9,08031109,1109
DENVER,08031,9,9,08031119,1119
DENVER,08031,9,9,08031129,1129
DENVER,08031,9,9,08031139,1139
DENVER,08031,9,9,08031209,1209
DOUGLAS,08035,PROV HD 43,43,08035043,5043
DOUGLAS,08035,PROV HD 44,44,08035044,5044
DOUGLAS,08035,PROV HD 45,45,08035045,5045
DOUGLAS,08035,PROV SD 4,4,08035004,5004
DOUGLAS,08035,PROV SD 4,4,08035014,5014
DOUGLAS,08035,PROV SD 4,4,08035024,5024
DOUGLAS,08035,PROV SD 4,4,08035034,5034
DOUGLAS,08035,PROV SD 4,4,08035044,5044
DOUGLAS,08035,PROV SD 4,4,08035054,5054
DOUGLAS,08035,PROV SD 4,4,08035064,5064
DOUGLAS,08035,PROV SD 4,4,08035074,5074
DOUGLAS,08035,PROV SD 4,4,08035084,5084
DOUGLAS,08035,PROV SD 4,4,08035094,5094
EL PASO,08041,5042021111,1111,08041111,1111
EL PASO,08041,5042021136,1136,08041136,1136
EL PASO,08041,5042021158,1158,08041158,1158
EL PASO,08041,5042021181,1181,08041181,1181
EL PASO,08041,5042021192,1192,08041192,1192
EL PASO,08041,5042021247,1247,08041247,1247
EL PASO,08041,5042021260,1260,08041260,1260
EL PASO,08041,5042021265,1265,08041265,1265
EL PASO,08041,5042021282,1282,08041282,1282
EL PASO,08041,5042021288,1288,08041288,1288
EL PASO,08041,5042021290,1290,08041290,1290
EL PASO,08041,5042021300,1300,08041300,1300
EL PASO,08041,5042021309,1309,08041309,1309
EL PASO,08041,5042021333,1333,08041333,1333
EL PASO,08041,5042021336,1336,08041336,1336
EL PASO,08041,5042021339,1339,08041339,1339
EL PASO,08041,5042021349,1349,08041349,1349
EL PASO,08041,5091421101,1101,08041101,1101
EL PASO,08041,5091421102,1102,08041102,1102
EL PASO,08041,5091421103,1103,08041103,1103
EL PASO,08041,5091421104,1104,08041104,1104
EL PASO,08041,5091421105,1105,08041105,1105
EL PASO,08041,5091421116,1116,08041116,1116
EL PASO,08041,5091421148,1148,08041148,1148
EL PASO,08041,5091421151,1151,08041151,1151
EL PASO,08041,5091421159,1159,08041159,1159
EL PASO,08041,5091421160,1160,08041160,1160
EL PASO,08041,5091421161,1161,08041161,1161
EL PASO,08041,5091421164,1164,08041164,1164
EL PASO,08041,5091421175,1175,08041175,1175
EL PASO,08041,5091421178,1178,08041178,1178
EL PASO,08041,5091421179,1179,08041179,1179
EL PASO,08041,5091421190,1190,08041190,1190
EL PASO,08041,5091421191,1191,08041191,1191
EL PASO,08041,5091421201,1201,08041201,1201
EL PASO,08041,5091421202,1202,08041202,1202
EL PASO,08041,5091421203,1203,08041203,1203
EL PASO,08041,5091421204,1204,08041204,1204
EL PASO,08041,5091421205,1205,08041205,1205
EL PASO,08041,5091421206,1206,08041206,1206
EL PASO,08041,5091421207,1207,08041207,1207
EL PASO,08041,5091421208,1208,08041208,1208
EL PASO,08041,5091421210,1210,08041210,1210
EL PASO,08041,5091421211,1211,08041211,1211
EL PASO,08041,5091421212,1212,08041212,1212
EL PASO,08041,5091421215,1215,08041215,1215
EL PASO,08041,5091421216,1216,08041216,1216
EL PASO,08041,5091421217,1217,08041217,1217
EL PASO,08041,5091421220,1220,08041220,1220
EL PASO,08041,5091421221,1221,08041221,1221
EL PASO,08041,5091421222,1222,08041222,1222
EL PASO,08041,5091421223,1223,08041223,1223
EL PASO,08041,5091421224,1224,08041224,1224
EL PASO,08041,5091421225,1225,08041225,1225
EL PASO,08041,5091421226,1226,08041226,1226
EL PASO,08041,5091421227,1227,08041227,1227
EL PASO,08041,5091421228,1228,08041228,1228
EL PASO,08041,5091421229,1229,08041229,1229
EL PASO,08041,5091421230,1230,08041230,1230
EL PASO,08041,5091421231,1231,08041231,1231
EL PASO,08041,5091421232,1232,08041232,1232
EL PASO,08041,5091421233,1233,08041233,1233
EL PASO,08041,5091421234,1234,08041234,1234
EL PASO,08041,5091421236,1236,08041236,1236
EL PASO,08041,5091421237,1237,08041237,1237
EL PASO,08041,5091421238,1238,08041238,1238
EL PASO,08041,5091421239,1239,08041239,1239
EL PASO,08041,5091421240,1240,08041240,1240
EL PASO,08041,5091421244,1244,08041244,1244
EL PASO,08041,5091421245,1245,08041245,1245
EL PASO,08041,5091421246,1246,08041246,1246
EL PASO,08041,5091421247,1247,08041247,1247
EL PASO,08041,5091421248,1248,08041248,1248
EL PASO,08041,5091421249,1249,08041249,1249
EL PASO,08041,5091421250,1250,08041250,1250
EL PASO,08041,5091421251,1251,08041251,1251
EL PASO,08041,5091421252,1252,08041252,1252
EL PASO,08041,5091421254,1254,08041254,1254
EL PASO,08041,5091421256,1256,08041256,1256
EL PASO,08041,5091421259,1259,08041259,1259
EL PASO,08041,5091421269,1269,08041269,1269
EL PASO,08041,5091421270,1270,08041270,1270
EL PASO,08041,5091421273,1273,08041273,1273
EL PASO,08041,5091421279,1279,08041279,1279
EL PASO,08041,5091421296,1296,08041296,1296
EL PASO,08041,5091421302,1302,08041302,1302
EL PASO,08041,5091421303,1303,08041303,1303
EL PASO,08041,5091421304,1304,08041304,1304
EL PASO,08041,5091421313,1313,08041313,1313
EL PASO,08041,5091421316,1316,08041316,1316
EL PASO,08041,5091421318,1318,08041318,1318
EL PASO,08041,5091421319,1319,08041319,1319
EL PASO,08041,5091421325,1325,08041325,1325
EL PASO,08041,5091421326,1326,08041326,1326
EL PASO,08041,5091421345,1345,08041345,1345
EL PASO,08041,5091521253,1253,08041253,1253
EL PASO,08041,5091621100,1100,08041100,1100
EL PASO,08041,5091621101,1101,08041101,1101
EL PASO,08041,5091621102,1102,08041102,1102
EL PASO,08041,5091621110,1110,08041110,1110
EL PASO,08041,5091621145,1145,08041145,1145
EL PASO,08041,5091621152,1152,08041152,1152
EL PASO,08041,5091621166,1166,08041166,1166
EL PASO,08041,5091621167,1167,08041167,1167
EL PASO,08041,5091621186,1186,08041186,1186
EL PASO,08041,5091621200,1200,08041200,1200
EL PASO,08041,5091621206,1206,08041206,1206
EL PASO,08041,5091621215,1215,08041215,1215
EL PASO,08041,5091621286,1286,08041286,1286
EL PASO,08041,5091621289,1289,08041289,1289
EL PASO,08041,5091621310,1310,08041310,1310
EL PASO,08041,5091821105,1105,08041105,1105
EL PASO,08041,5091821106,1106,08041106,1106
EL PASO,08041,5091821107,1107,08041107,1107
EL PASO,08041,5091821108,1108,08041108,1108
EL PASO,08041,5091821109,1109,08041109,1109
EL PASO,08041,5091821117,1117,08041117,1117
EL PASO,08041,5091921209,1209,08041209,1209
EL PASO,08041,5091921210,1210,08041210,1210
EL PASO,08041,5091921211,1211,08041211,1211
EL PASO,08041,5091921212,1212,08041212,1212
EL PASO,08041,5091921213,1213,08041213,1213
EL PASO,08041,5091921214,1214,08041214,1214
EL PASO,08041,5091921218,1218,08041218,1218
EL PASO,08041,5091921219,1219,08041219,1219
EL PASO,08041,5091921303,1303,08041303,1303
EL PASO,08041,5091921304,1304,08041304,1304
EL PASO,08041,5091921310,1310,08041310,1310
EL PASO,08041,5091921311,1311,08041311,1311
EL PASO,08041,5091921312,1312,08041312,1312
EL PASO,08041,5091921313,1313,08041313,1313
EL PASO,08041,5091921314,1314,08041314,1314
EL PASO,08041,5091921315,1315,08041315,1315
EL PASO,08041,5091921316,1316,08041316,1316
EL PASO,08041,5091921317,1317,08041317,1317
EL PASO,08041,5091921318,1318,08041318,1318
EL PASO,08041,5091921319,1319,08041319,1319
EL PASO,08041,5091921320,1320,08041320,1320
EL PASO,08041,5091921321,1321,08041321,1321
EL PASO,08041,5091921322,1322,08041322,1322
EL PASO,08041,5092021101,1101,08041101,1101
EL PASO,08041,5092021102,1102,08041102,1102
EL PASO,08041,5092021103,1103,08041103,1103
EL PASO,08041,5092021104,1104,08041104,1104
EL PASO,08041,5092021105,1105,08041105,1105
EL PASO,08041,5092021106,1106,08041106,1106
EL PASO,08041,5092021116,1116,08041116,1116
EL PASO,08041,5092021117,1117,08041117,1117
EL PASO,08041,5092021153,1153,08041153,1153
EL PASO,08041,5092021200,1200,08041200,1200
EL PASO,08041,5092021201,1201,08041201,1201
EL PASO,08041,5092021202,1202,08041202,1202
EL PASO,08041,5092021203,1203,08041203,1203
EL PASO,08041,5092021204,1204,08041204,1204
EL PASO,08041,5092021205,1205,08041205,1205
EL PASO,08041,5092021206,1206,08041206,1206
EL PASO,08041,5092021207,1207,08041207,1207
EL PASO,08041,5092021208,1208,08041208,1208
EL PASO,08041,5092021209,1209,08041209,1209
EL PASO,08041,5092021210,1210,08041210,1210
EL PASO,08041,5092021211,1211,08041211,1211
EL PASO,08041,5092021212,1212,08041212,1212
EL PASO,08041,5092021223,1223,08041223,1223
EL PASO,08041,5092021226,1226,08041226,1226
EL PASO,08041,5092021233,1233,08041233,1233
EL PASO,08041,5092021240,1240,08041240,1240
EL PASO,08041,5092021243,1243,08041243,1243
EL PASO,08041,5092021248,1248,08041248,1248
EL PASO,08041,5092021253,1253,08041253,1253
EL PASO,08041,5092021254,1254,08041254,1254
EL PASO,08041,5092021271,1271,08041271,1271
EL PASO,08041,5092021295,1295,08041295,1295
EL PASO,08041,5092021297,1297,08041297,1297
EL PASO,08041,5092021301,1301,08041301,1301
EL PASO,08041,5092021302,1302,08041302,1302
EL PASO,08041,5092021303,1303,08041303,1303
EL PASO,08041,5092021304,1304,08041304,1304
EL PASO,08041,5092021310,1310,08041310,1310
EL PASO,08041,5092021311,1311,08041311,1311
EL PASO,08041,5092021312,1312,08041312,1312
EL PASO,08041,5092021313,1313,08041313,1313
EL PASO,08041,5092021314,1314,08041314,1314
EL PASO,08041,5092021315,1315,08041315,1315
EL PASO,08041,5092021316,1316,08041316,1316
EL PASO,08041,5092021317,1317,08041317,1317
EL PASO,08041,5092021318,1318,08041318,1318
EL PASO,08041,5092021319,1319,08041319,1319
EL PASO,08041,5092021321,1321,08041321,1321
EL PASO,08041,5092021322,1322,08041322,1322
EL PASO,08041,5092021323,1323,08041323,1323
EL PASO,08041,5092021354,1354,08041354,1354
EL PASO,08041,5092121146,1146,08041146,1146
EL PASO,08041,5092121196,1196,08041196,1196
EL PASO,08041,5092121281,1281,08041281,1281
EL PASO,08041,5092121305,1305,08041305,1305
EL PASO,08041,5092221235,1235,08041235,1235
EL PASO,08041,5092221236,1236,08041236,1236
EL PASO,08041,5092221237,1237,08041237,1237
EL PASO,08041,5092221238,1238,08041238,1238
EL PASO,08041,5092221241,1241,08041241,1241
EL PASO,08041,5092221246,1246,08041246,1246
EL PASO,08041,5092221247,1247,08041247,1247
EL PASO,08041,5101421134,1134,08041134,1134
EL PASO,08041,5101421135,1135,08041135,1135
EL PASO,08041,5101421141,1141,08041141,1141
EL PASO,08041,5101421142,1142,08041142,1142
EL PASO,08041,5101421143,1143,08041143,1143
EL PASO,08041,5101421144,1144,08041144,1144
EL PASO,08041,5101421145,1145,08041145,1145
EL PASO,08041,5101421146,1146,08041146,1146
EL PASO,08041,5101421163,1163,08041163,1163
EL PASO,08041,5101421164,1164,08041164,1164
EL PASO,08041,5101421234,1234,08041234,1234
EL PASO,08041,5101421235,1235,08041235,1235
EL PASO,08041,5101421239,1239,08041239,1239
EL PASO,08041,5101421240,1240,08041240,1240
EL PASO,08041,5101421241,1241,08041241,1241
EL PASO,08041,5101421242,1242,08041242,1242
EL PASO,08041,5101421243,1243,08041243,1243
EL PASO,08041,5101421244,1244,08041244,1244
EL PASO,08041,5101421245,1245,08041245,1245
EL PASO,08041,5101521109,1109,08041109,1109
EL PASO,08041,5101521114,1114,08041114,1114
EL PASO,08041,5101521117,1117,08041117,1117
EL PASO,08041,5101521138,1138,08041138,1138
EL PASO,08041,5101521140,1140,08041140,1140
EL PASO,08041,5101521141,1141,08041141,1141
EL PASO,08041,5101521150,1150,08041150,1150
EL PASO,08041,5101521155,1155,08041155,1155
EL PASO,08041,5101521159,1159,08041159,1159
EL PASO,08041,5101521163,1163,08041163,1163
EL PASO,08041,5101521169,1169,08041169,1169
EL PASO,08041,5101521170,1170,08041170,1170
EL PASO,08041,5101521173,1173,08041173,1173
EL PASO,08041,5101521174,1174,08041174,1174
EL PASO,08041,5101521184,1184,08041184,1184
EL PASO,08041,5101521193,1193,08041193,1193
EL PASO,08041,5101521199,1199,08041199,1199
EL PASO,08041,5101521204,1204,08041204,1204
EL PASO,08041,5101521208,1208,08041208,1208
EL PASO,08041,5101521209,1209,08041209,1209
EL PASO,08041,5101521218,1218,08041218,1218
EL PASO,08041,5101521227,1227,08041227,1227
EL PASO,08041,5101521229,1229,08041229,1229
EL PASO,08041,5101521234,1234,08041234,1234
EL PASO,08041,5101521237,1237,08041237,1237
EL PASO,08041,5101521245,1245,08041245,1245
EL PASO,08041,5101521250,1250,08041250,1250
EL PASO,08041,5101521268,1268,08041268,1268
EL PASO,08041,5101521280,1280,08041280,1280
EL PASO,08041,5101521284,1284,08041284,1284
EL PASO,08041,5101521291,1291,08041291,1291
EL PASO,08041,5101521292,1292,08041292,1292
EL PASO,08041,5101521298,1298,08041298,1298
EL PASO,08041,5101521301,1301,08041301,1301
EL PASO,08041,5101521314,1314,08041314,1314
EL PASO,08041,5101521315,1315,08041315,1315
EL PASO,08041,5101521342,1342,08041342,1342
EL PASO,08041,5101521343,1343,08041343,1343
EL PASO,08041,5101521351,1351,08041351,1351
EL PASO,08041,5101521353,1353,08041353,1353
EL PASO,08041,5101621108,1108,08041108,1108
EL PASO,08041,5101621116,1116,08041116,1116
EL PASO,08041,5101621120,1120,08041120,1120
EL PASO,08041,5101621121,1121,08041121,1121
EL PASO,08041,5101621122,1122,08041122,1122
EL PASO,08041,5101621123,1123,08041123,1123
EL PASO,08041,5101621124,1124,08041124,1124
EL PASO,08041,5101621125,1125,08041125,1125
EL PASO,08041,5101621126,1126,08041126,1126
EL PASO,08041,5101621127,1127,08041127,1127
EL PASO,08041,5101621128,1128,08041128,1128
EL PASO,08041,5101621129,1129,08041129,1129
EL PASO,08041,5101621130,1130,08041130,1130
EL PASO,08041,5101621131,1131,08041131,1131
EL PASO,08041,5101621132,1132,08041132,1132
EL PASO,08041,5101621136,1136,08041136,1136
EL PASO,08041,5101621138,1138,08041138,1138
EL PASO,08041,5101621140,1140,08041140,1140
EL PASO,08041,5101621144,1144,08041144,1144
EL PASO,08041,5101621147,1147,08041147,1147
EL PASO,08041,5101621148,1148,08041148,1148
EL PASO,08041,5101621149,1149,08041149,1149
EL PASO,08041,5101621150,1150,08041150,1150
EL PASO,08041,5101621151,1151,08041151,1151
EL PASO,08041,5101621152,1152,08041152,1152
EL PASO,08041,5101621153,1153,08041153,1153
EL PASO,08041,5101621154,1154,08041154,1154
EL PASO,08041,5101621157,1157,08041157,1157
EL PASO,08041,5101621160,1160,08041160,1160
EL PASO,08041,5101621165,1165,08041165,1165
EL PASO,08041,5101621166,1166,08041166,1166
EL PASO,08041,5101621175,1175,08041175,1175
EL PASO,08041,5101621177,1177,08041177,1177
EL PASO,08041,5101621182,1182,08041182,1182
EL PASO,08041,5101621187,1187,08041187,1187
EL PASO,08041,5101621198,1198,08041198,1198
EL PASO,08041,5101621213,1213,08041213,1213
EL PASO,08041,5101621217,1217,08041217,1217
EL PASO,08041,5101621238,1238,08041238,1238
EL PASO,08041,5101621255,1255,08041255,1255
EL PASO,08041,5101621256,1256,08041256,1256
EL PASO,08041,5101621263,1263,08041263,1263
EL PASO,08041,5101721205,1205,08041205,1205
EL PASO,08041,5101721222,1222,08041222,1222
EL PASO,08041,5101721328,1328,08041328,1328
EL PASO,08041,5101821171,1171,08041171,1171
EL PASO,08041,5101821174,1174,08041174,1174
EL PASO,08041,5101821181,1181,08041181,1181
EL PASO,08041,5101821197,1197,08041197,1197
EL PASO,08041,5101921118,1118,08041118,1118
EL PASO,08041,5101921119,1119,08041119,1119
EL PASO,08041,5101921216,1216,08041216,1216
EL PASO,08041,5101921261,1261,08041261,1261
EL PASO,08041,5101921308,1308,08041308,1308
EL PASO,08041,5101921330,1330,08041330,1330
EL PASO,08041,5101921331,1331,08041331,1331
EL PASO,08041,5101921347,1347,08041347,1347
EL PASO,08041,5102021283,1283,08041283,1283
EL PASO,08041,5102021285,1285,08041285,1285
EL PASO,08041,5102021334,1334,08041334,1334
EL PASO,08041,5102021337,1337,08041337,1337
EL PASO,08041,5102221134,1134,08041134,1134
EL PASO,08041,5102221135,1135,08041135,1135
EL PASO,08041,5102221140,1140,08041140,1140
EL PASO,08041,5102221141,1141,08041141,1141
EL PASO,08041,5102221142,1142,08041142,1142
EL PASO,08041,5102221143,1143,08041143,1143
EL PASO,08041,5102221144,1144,08041144,1144
EL PASO,08041,5102221145,1145,08041145,1145
EL PASO,08041,5102221146,1146,08041146,1146
EL PASO,08041,5102221147,1147,08041147,1147
EL PASO,08041,5102221148,1148,08041148,1148
EL PASO,08041,5102221149,1149,08041149,1149
EL PASO,08041,5102221150,1150,08041150,1150
EL PASO,08041,5102221151,1151,08041151,1151
EL PASO,08041,5102221152,1152,08041152,1152
EL PASO,08041,5102221153,1153,08041153,1153
EL PASO,08041,5102221154,1154,08041154,1154
EL PASO,08041,5102221155,1155,08041155,1155
EL PASO,08041,5102221156,1156,08041156,1156
EL PASO,08041,5102221157,1157,08041157,1157
EL PASO,08041,5102221158,1158,08041158,1158
EL PASO,08041,5102221159,1159,08041159,1159
EL PASO,08041,5102221160,1160,08041160,1160
EL PASO,08041,5102221161,1161,08041161,1161
EL PASO,08041,5102221163,1163,08041163,1163
EL PASO,08041,5102221164,1164,08041164,1164
EL PASO,08041,5102221165,1165,08041165,1165
EL PASO,08041,5102221166,1166,08041166,1166
EL PASO,08041,5102221167,1167,08041167,1167
EL PASO,08041,5102221243,1243,08041243,1243
EL PASO,08041,5102221251,1251,08041251,1251
EL PASO,08041,5102221252,1252,08041252,1252
EL PASO,08041,5111521139,1139,08041139,1139
EL PASO,08041,5111521195,1195,08041195,1195
EL PASO,08041,5111521244,1244,08041244,1244
EL PASO,08041,5111621162,1162,08041162,1162
EL PASO,08041,5111621174,1174,08041174,1174
EL PASO,08041,5111621175,1175,08041175,1175
EL PASO,08041,5111621178,1178,08041178,1178
EL PASO,08041,5111621180,1180,08041180,1180
EL PASO,08041,5111621181,1181,08041181,1181
EL PASO,08041,5111621183,1183,08041183,1183
EL PASO,08041,5111621184,1184,08041184,1184
EL PASO,08041,5111621186,1186,08041186,1186
EL PASO,08041,5111621188,1188,08041188,1188
EL PASO,08041,5111621190,1190,08041190,1190
EL PASO,08041,5111621191,1191,08041191,1191
EL PASO,08041,5111621192,1192,08041192,1192
EL PASO,08041,5111621197,1197,08041197,1197
EL PASO,08041,5111621198,1198,08041198,1198
EL PASO,08041,5111621257,1257,08041257,1257
EL PASO,08041,5111721113,1113,08041113,1113
EL PASO,08041,5111721137,1137,08041137,1137
EL PASO,08041,5111721165,1165,08041165,1165
EL PASO,08041,5111721169,1169,08041169,1169
EL PASO,08041,5111721172,1172,08041172,1172
EL PASO,08041,5111721176,1176,08041176,1176
EL PASO,08041,5111721182,1182,08041182,1182
EL PASO,08041,5111721183,1183,08041183,1183
EL PASO,08041,5111721184,1184,08041184,1184
EL PASO,08041,5111721185,1185,08041185,1185
EL PASO,08041,5111721187,1187,08041187,1187
EL PASO,08041,5111721190,1190,08041190,1190
EL PASO,08041,5111721193,1193,08041193,1193
EL PASO,08041,5111721194,1194,08041194,1194
EL PASO,08041,5111721195,1195,08041195,1195
EL PASO,08041,5111721196,1196,08041196,1196
EL PASO,08041,5111721199,1199,08041199,1199
EL PASO,08041,5111721231,1231,08041231,1231
EL PASO,08041,5111721235,1235,08041235,1235
EL PASO,08041,5111721249,1249,08041249,1249
EL PASO,08041,5111721262,1262,08041262,1262
EL PASO,08041,5111721264,1264,08041264,1264
EL PASO,08041,5111721274,1274,08041274,1274
EL PASO,08041,5111721327,1327,08041327,1327
EL PASO,08041,5111721329,1329,08041329,1329
EL PASO,08041,5111721338,1338,08041338,1338
EL PASO,08041,5111821106,1106,08041106,1106
EL PASO,08041,5111821107,1107,08041107,1107
EL PASO,08041,5111821110,1110,08041110,1110
EL PASO,08041,5111821111,1111,08041111,1111
EL PASO,08041,5111821112,1112,08041112,1112
EL PASO,08041,5111821113,1113,08041113,1113
EL PASO,08041,5111821114,1114,08041114,1114
EL PASO,08041,5111821118,1118,08041118,1118
EL PASO,08041,5111821119,1119,08041119,1119
EL PASO,08041,5111821121,1121,08041121,1121
EL PASO,08041,5111821124,1124,08041124,1124
EL PASO,08041,5111821125,1125,08041125,1125
EL PASO,08041,5111821126,1126,08041126,1126
EL PASO,08041,5111821127,1127,08041127,1127
EL PASO,08041,5111821129,1129,08041129,1129
EL PASO,08041,5111821133,1133,08041133,1133
EL PASO,08041,5111821137,1137,08041137,1137
EL PASO,08041,5111821143,1143,08041143,1143
EL PASO,08041,5111821149,1149,08041149,1149
EL PASO,08041,5111821168,1168,08041168,1168
EL PASO,08041,5111821169,1169,08041169,1169
EL PASO,08041,5111821170,1170,08041170,1170
EL PASO,08041,5111821172,1172,08041172,1172
EL PASO,08041,5111821173,1173,08041173,1173
EL PASO,08041,5111821176,1176,08041176,1176
EL PASO,08041,5111821177,1177,08041177,1177
EL PASO,08041,5111821178,1178,08041178,1178
EL PASO,08041,5111821179,1179,08041179,1179
EL PASO,08041,5111821180,1180,08041180,1180
EL PASO,08041,5111821185,1185,08041185,1185
EL PASO,08041,5111821186,1186,08041186,1186
EL PASO,08041,5111821188,1188,08041188,1188
EL PASO,08041,5111821189,1189,08041189,1189
EL PASO,08041,5111821258,1258,08041258,1258
EL PASO,08041,5111821266,1266,08041266,1266
EL PASO,08041,5111821267,1267,08041267,1267
EL PASO,08041,5111821307,1307,08041307,1307
EL PASO,08041,5112121128,1128,08041128,1128
EL PASO,08041,5112121133,1133,08041133,1133
EL PASO,08041,5112121162,1162,08041162,1162
EL PASO,08041,5112121272,1272,08041272,1272
EL PASO,08041,5121521139,1139,08041139,1139
EL PASO,08041,5121521158,1158,08041158,1158
EL PASO,08041,5121521161,1161,08041161,1161
EL PASO,08041,5121521162,1162,08041162,1162
EL PASO,08041,5121521167,1167,08041167,1167
EL PASO,08041,5121521191,1191,08041191,1191
EL PASO,08041,5121521192,1192,08041192,1192
EL PASO,08041,5121521195,1195,08041195,1195
EL PASO,08041,5121521196,1196,08041196,1196
EL PASO,08041,5121621155,1155,08041155,1155
EL PASO,08041,5121621156,1156,08041156,1156
EL PASO,08041,5121621168,1168,08041168,1168
EL PASO,08041,5121621170,1170,08041170,1170
EL PASO,08041,5121621171,1171,08041171,1171
EL PASO,08041,5121621172,1172,08041172,1172
EL PASO,08041,5121621173,1173,08041173,1173
EL PASO,08041,5121621179,1179,08041179,1179
EL PASO,08041,5121721214,1214,08041214,1214
EL PASO,08041,5121721312,1312,08041312,1312
EL PASO,08041,5121821107,1107,08041107,1107
EL PASO,08041,5121821108,1108,08041108,1108
EL PASO,08041,5121821110,1110,08041110,1110
EL PASO,08041,5121821111,1111,08041111,1111
EL PASO,08041,5121821112,1112,08041112,1112
EL PASO,08041,5121821113,1113,08041113,1113
EL PASO,08041,5121821114,1114,08041114,1114
EL PASO,08041,5121821115,1115,08041115,1115
EL PASO,08041,5121821118,1118,08041118,1118
EL PASO,08041,5121821119,1119,08041119,1119
EL PASO,08041,5121821133,1133,08041133,1133
EL PASO,08041,5121821176,1176,08041176,1176
EL PASO,08041,5121821177,1177,08041177,1177
EL PASO,08041,5121821306,1306,08041306,1306
EL PASO,08041,5121921112,1112,08041112,1112
EL PASO,08041,5121921115,1115,08041115,1115
EL PASO,08041,5121921130,1130,08041130,1130
EL PASO,08041,5121921131,1131,08041131,1131
EL PASO,08041,5121921132,1132,08041132,1132
EL PASO,08041,5121921154,1154,08041154,1154
EL PASO,08041,5121921156,1156,08041156,1156
EL PASO,08041,5121921168,1168,08041168,1168
EL PASO,08041,5121921171,1171,08041171,1171
EL PASO,08041,5121921185,1185,08041185,1185
EL PASO,08041,5121921201,1201,08041201,1201
EL PASO,08041,5121921207,1207,08041207,1207
EL PASO,08041,5121921230,1230,08041230,1230
EL PASO,08041,5121921236,1236,08041236,1236
EL PASO,08041,5121921241,1241,08041241,1241
EL PASO,08041,5121921242,1242,08041242,1242
EL PASO,08041,5121921299,1299,08041299,1299
EL PASO,08041,5121921324,1324,08041324,1324
EL PASO,08041,5121921332,1332,08041332,1332
EL PASO,08041,5121921335,1335,08041335,1335
EL PASO,08041,5121921340,1340,08041340,1340
EL PASO,08041,5121921341,1341,08041341,1341
EL PASO,08041,5122021220,1220,08041220,1220
EL PASO,08041,5122021294,1294,08041294,1294
EL PASO,08041,5122021344,1344,08041344,1344
EL PASO,08041,5122121103,1103,08041103,1103
EL PASO,08041,5122121104,1104,08041104,1104
EL PASO,08041,5122121134,1134,08041134,1134
EL PASO,08041,5122121135,1135,08041135,1135
EL PASO,08041,5122121142,1142,08041142,1142
EL PASO,08041,5122121147,1147,08041147,1147
EL PASO,08041,5122121180,1180,08041180,1180
EL PASO,08041,5122121188,1188,08041188,1188
EL PASO,08041,5122121189,1189,08041189,1189
EL PASO,08041,5122121197,1197,08041197,1197
EL PASO,08041,5122121198,1198,08041198,1198
EL PASO,08041,5122121203,1203,08041203,1203
EL PASO,08041,5122121219,1219,08041219,1219
EL PASO,08041,5122121221,1221,08041221,1221
EL PASO,08041,5122121232,1232,08041232,1232
EL PASO,08041,5122121248,1248,08041248,1248
EL PASO,08041,5122121275,1275,08041275,1275
EL PASO,08041,5122121276,1276,08041276,1276
EL PASO,08041,5122121277,1277,08041277,1277
EL PASO,08041,5122121278,1278,08041278,1278
EL PASO,08041,5122121287,1287,08041287,1287
EL PASO,08041,5122121293,1293,08041293,1293
EL PASO,08041,5122121311,1311,08041311,1311
EL PASO,08041,5122121317,1317,08041317,1317
EL PASO,08041,5122121320,1320,08041320,1320
EL PASO,08041,5122121346,1346,08041346,1346
EL PASO,08041,5122121348,1348,08041348,1348
EL PASO,08041,5122121350,1350,08041350,1350
EL PASO,08041,5122121352,1352,08041352,1352
EL PASO,08041,5352021213,1213,08041213,1213
EL PASO,08041,5352021214,1214,08041214,1214
EL PASO,08041,5352021218,1218,08041218,1218
EL PASO,08041,5352021219,1219,08041219,1219
EL PASO,08041,5352021320,1320,08041320,1320
EL PASO,08041,5352021321,1321,08041321,1321
EL PASO,08041,5352021322,1322,08041322,1322
JEFFERSON,08059,7162530101,0101,08059320101,0101
JEFFERSON,08059,7192730101,0101,08059320101,0101
LARIMER,08069,1,1,080694201,4201
LARIMER,08069,1,1,080694211,4211
LARIMER,08069,1,1,080694221,4221
LARIMER,08069,1,1,080694231,4231
LARIMER,08069,1,1,080694241,4241
LARIMER,08069,1,1,080694301,4301
LARIMER,08069,1,1,080694311,4311
LARIMER,08069,1,1,080694321,4321
LARIMER,08069,1,1,080694331,4331
LARIMER,08069,1,1,080694901,4901
LARIMER,08069,10,10,080694210,4210
LARIMER,08069,10,10,080694310,4310
LARIMER,08069,10,10,080695110,5110
LARIMER,08069,10,10,080695310,5310
LARIMER,08069,10,10,080695910,5910
LARIMER,08069,11,11,080694211,4211
LARIMER,08069,11,11,080694311,4311
LARIMER,08069,11,11,080695111,5111
LARIMER,08069,11,11,080695311,5311
LARIMER,08069,11,11,080695911,5911
LARIMER,08069,12,12,080694212,4212
LARIMER,08069,12,12,080694312,4312
LARIMER,08069,12,12,080695112,5112
LARIMER,08069,12,12,080695312,5312
LARIMER,08069,12,12,080695912,5912
LARIMER,08069,13,13,080694213,4213
LARIMER,08069,13,13,080694313,4313
LARIMER,08069,13,13,080695113,5113
LARIMER,08069,13,13,080695313,5313
LARIMER,08069,13,13,080695913,5913
LARIMER,08069,14,14,080694214,4214
LARIMER,08069,14,14,080694314,4314
LARIMER,08069,14,14,080695114,5114
LARIMER,08069,14,14,080695914,5914
LARIMER,08069,15,15,080694215,4215
LARIMER,08069,15,15,080694315,4315
LARIMER,08069,15,15,080695115,5115
LARIMER,08069,15,15,080695915,5915
LARIMER,08069,16,16,080694216,4216
LARIMER,08069,16,16,080694316,4316
LARIMER,08069,16,16,080695116,5116
LARIMER,08069,16,16,080695916,5916
LARIMER,08069,17,17,080694217,4217
LARIMER,08069,17,17,080694317,4317
LARIMER,08069,17,17,080695117,5117
LARIMER,08069,17,17,080695917,5917
LARIMER,08069,18,18,080694218,4218
LARIMER,08069,18,18,080694318,4318
LARIMER,08069,18,18,080695118,5118
LARIMER,08069,18,18,080695918,5918
LARIMER,08069,19,19,080694219,4219
LARIMER,08069,19,19,080694319,4319
LARIMER,08069,19,19,080695119,5119
LARIMER,08069,19,19,080695919,5919
LARIMER,08069,2,2,080694202,4202
LARIMER,08069,2,2,080694212,4212
LARIMER,08069,2,2,080694222,4222
LARIMER,08069,2,2,080694232,4232
LARIMER,08069,2,2,080694242,4242
LARIMER,08069,2,2,080694302,4302
LARIMER,08069,2,2,080694312,4312
LARIMER,08069,2,2,080694322,4322
LARIMER,08069,2,2,080694332,4332
LARIMER,08069,2,2,080694902,4902
LARIMER,08069,20,20,080694220,4220
LARIMER,08069,20,20,080694320,4320
LARIMER,08069,20,20,080695120,5120
LARIMER,08069,20,20,080695920,5920
LARIMER,08069,21,21,080694221,4221
LARIMER,08069,21,21,080694321,4321
LARIMER,08069,21,21,080695121,5121
LARIMER,08069,21,21,080695921,5921
LARIMER,08069,2145235201,5201,080695201,5201
LARIMER,08069,2145335301,5301,080695301,5301
LARIMER,08069,2145335302,5302,080695302,5302
LARIMER,08069,2145335303,5303,080695303,5303
LARIMER,08069,2145335304,5304,080695304,5304
LARIMER,08069,2145335305,5305,080695305,5305
LARIMER,08069,2145335306,5306,080695306,5306
LARIMER,08069,2145335307,5307,080695307,5307
LARIMER,08069,2145335308,5308,080695308,5308
LARIMER,08069,2145335309,5309,080695309,5309
LARIMER,08069,2145335310,5310,080695310,5310
LARIMER,08069,2145335311,5311,080695311,5311
LARIMER,08069,2145335312,5312,080695312,5312
LARIMER,08069,2145335313,5313,080695313,5313
LARIMER,08069,2154935101,5101,080695101,5101
LARIMER,08069,2154935102,5102,080695102,5102
LARIMER,08069,2154935103,5103,080695103,5103
LARIMER,08069,2154935104,5104,080695104,5104
LARIMER,08069,2154935105,5105,080695105,5105
LARIMER,08069,2154935106,5106,080695106,5106
LARIMER,08069,2154935107,5107,080695107,5107
LARIMER,08069,2154935108,5108,080695108,5108
LARIMER,08069,2154935109,5109,080695109,5109
LARIMER,08069,2154935110,5110,080695110,5110
LARIMER,08069,2154935111,5111,080695111,5111
LARIMER,08069,22,22,080694222,4222
LARIMER,08069,22,22,080694322,4322
LARIMER,08069,22,22,080695122,5122
LARIMER,08069,22,22,080695922,5922
LARIMER,08069,2235235101,5101,080695101,5101
LARIMER,08069,2235235102,5102,080695102,5102
LARIMER,08069,2235235306,5306,080695306,5306
LARIMER,08069,2235235307,5307,080695307,5307
LARIMER,08069,2235235308,5308,080695308,5308
LARIMER,08069,2235235309,5309,080695309,5309
LARIMER,08069,2235235310,5310,080695310,5310
LARIMER,08069,2235235311,5311,080695311,5311
LARIMER,08069,2235235312,5312,080695312,5312
LARIMER,08069,2235235313,5313,080695313,5313
LARIMER,08069,2235335301,5301,080695301,5301
LARIMER,08069,23,23,080694223,4223
LARIMER,08069,23,23,080694323,4323
LARIMER,08069,23,23,080695123,5123
LARIMER,08069,23,23,080695923,5923
LARIMER,08069,24,24,080694224,4224
LARIMER,08069,24,24,080694324,4324
LARIMER,08069,24,24,080695124,5124
LARIMER,08069,24,24,080695924,5924
LARIMER,08069,25,25,080694225,4225
LARIMER,08069,25,25,080694325,4325
LARIMER,08069,25,25,080695125,5125
LARIMER,08069,25,25,080695925,5925
LARIMER,08069,26,26,080694226,4226
LARIMER,08069,26,26,080694326,4326
LARIMER,08069,26,26,080695126,5126
LARIMER,08069,26,26,080695926,5926
LARIMER,08069,27,27,080694227,4227
LARIMER,08069,27,27,080694327,4327
LARIMER,08069,27,27,080695127,5127
LARIMER,08069,27,27,080695927,5927
LARIMER,08069,28,28,080694228,4228
LARIMER,08069,28,28,080694328,4328
LARIMER,08069,28,28,080695128,5128
LARIMER,08069,28,28,080695928,5928
LARIMER,08069,29,29,080694229,4229
LARIMER,08069,29,29,080694329,4329
LARIMER,08069,29,29,080695129,5129
LARIMER,08069,29,29,080695929,5929
LARIMER,08069,3,3,080694203,4203
LARIMER,08069,3,3,080694213,4213
LARIMER,08069,3,3,080694223,4223
LARIMER,08069,3,3,080694233,4233
LARIMER,08069,3,3,080694243,4243
LARIMER,08069,3,3,080694303,4303
LARIMER,08069,3,3,080694313,4313
LARIMER,08069,3,3,080694323,4323
LARIMER,08069,3,3,080694903,4903
LARIMER,08069,3,3,080695103,5103
LARIMER,08069,30,30,080694230,4230
LARIMER,08069,30,30,080694330,4330
LARIMER,08069,30,30,080695130,5130
LARIMER,08069,30,30,080695930,5930
LARIMER,08069,4,4,080694204,4204
LARIMER,08069,4,4,080694214,4214
LARIMER,08069,4,4,080694224,4224
LARIMER,08069,4,4,080694234,4234
LARIMER,08069,4,4,080694244,4244
LARIMER,08069,4,4,080694304,4304
LARIMER,08069,4,4,080694314,4314
LARIMER,08069,4,4,080694324,4324
LARIMER,08069,4,4,080694904,4904
LARIMER,08069,4,4,080695104,5104
LARIMER,08069,41,41,080694241,4241
LARIMER,08069,41,41,080695141,5141
LARIMER,08069,4144935101,5101,080695101,5101
LARIMER,08069,4145235201,5201,080695201,5201
LARIMER,08069,4145335301,5301,080695301,5301
LARIMER,08069,4145335302,5302,080695302,5302
LARIMER,08069,4145335303,5303,080695303,5303
LARIMER,08069,4145335304,5304,080695304,5304
LARIMER,08069,4145335305,5305,080695305,5305
LARIMER,08069,4145335306,5306,080695306,5306
LARIMER,08069,4145335307,5307,080695307,5307
LARIMER,08069,4145335308,5308,080695308,5308
LARIMER,08069,4145335309,5309,080695309,5309
LARIMER,08069,4145335310,5310,080695310,5310
LARIMER,08069,4145335311,5311,080695311,5311
LARIMER,08069,4145335312,5312,080695312,5312
LARIMER,08069,4145335313,5313,080695313,5313
LARIMER,08069,4156535201,5201,080695201,5201
LARIMER,08069,42,42,080694242,4242
LARIMER,08069,42,42,080695142,5142
LARIMER,08069,43,43,080694243,4243
LARIMER,08069,43,43,080695143,5143
LARIMER,08069,44,44,080694244,4244
LARIMER,08069,44,44,080695144,5144
LARIMER,08069,45,45,080694245,4245
LARIMER,08069,45,45,080695145,5145
LARIMER,08069,5,5,080694205,4205
LARIMER,08069,5,5,080694215,4215
LARIMER,08069,5,5,080694225,4225
LARIMER,08069,5,5,080694235,4235
LARIMER,08069,5,5,080694245,4245
LARIMER,08069,5,5,080694305,4305
LARIMER,08069,5,5,080694315,4315
LARIMER,08069,5,5,080694325,4325
LARIMER,08069,5,5,080694905,4905
LARIMER,08069,5,5,080695105,5105
LARIMER,08069,6,6,080694206,4206
LARIMER,08069,6,6,080694216,4216
LARIMER,08069,6,6,080694226,4226
LARIMER,08069,6,6,080694236,4236
LARIMER,08069,6,6,080694246,4246
LARIMER,08069,6,6,080694306,4306
LARIMER,08069,6,6,080694316,4316
LARIMER,08069,6,6,080694326,4326
LARIMER,08069,6,6,080694906,4906
LARIMER,08069,6,6,080695106,5106
LARIMER,08069,7,7,080694207,4207
LARIMER,08069,7,7,080694217,4217
LARIMER,08069,7,7,080694227,4227
LARIMER,08069,7,7,080694237,4237
LARIMER,08069,7,7,080694247,4247
LARIMER,08069,7,7,080694307,4307
LARIMER,08069,7,7,080694317,4317
LARIMER,08069,7,7,080694327,4327
LARIMER,08069,7,7,080694907,4907
LARIMER,08069,7,7,080695107,5107
LARIMER,08069,8,8,080694208,4208
LARIMER,08069,8,8,080694218,4218
LARIMER,08069,8,8,080694228,4228
LARIMER,08069,8,8,080694238,4238
LARIMER,08069,8,8,080694248,4248
LARIMER,08069,8,8,080694308,4308
LARIMER,08069,8,8,080694318,4318
LARIMER,08069,8,8,080694328,4328
LARIMER,08069,8,8,080694908,4908
LARIMER,08069,8,8,080695108,5108
LARIMER,08069,9,9,080694209,4209
LARIMER,08069,9,9,080694219,4219
LARIMER,08069,9,9,080694229,4229
LARIMER,08069,9,9,080694239,4239
LARIMER,08069,9,9,080694309,4309
LARIMER,08069,9,9,080694319,4319
LARIMER,08069,9,9,080694329,4329
LARIMER,08069,9,9,080694909,4909
LARIMER,08069,9,9,080695109,5109
LARIMER,08069,9,9,080695119,5119
LARIMER,08069,PROV HD 49,49,080695149,5149
LARIMER,08069,PROV SD 14,14,080694214,4214
LARIMER,08069,PROV SD 14,14,080694314,4314
LARIMER,08069,PROV SD 14,14,080695114,5114
LARIMER,08069,PROV SD 14,14,080695914,5914
MESA,08077,PROV HD 54,54,0807754,7754
MESA,08077,PROV HD 55,55,0807755,7755
PROWERS,08099,4999950999,0999,080999,0999
PUEBLO,08101,3024751110,1110,08101110,1110
PUEBLO,08101,3024751122,1122,08101122,1122
PUEBLO,08101,3026051017,1017,081017,1017
PUEBLO,08101,3026251103,1103,08101103,1103
PUEBLO,08101,3026251104,1104,08101104,1104
PUEBLO,08101,3034651011,1011,081011,1011
PUEBLO,08101,3034651012,1012,081012,1012
PUEBLO,08101,3034651013,1013,081013,1013
PUEBLO,08101,3034651014,1014,081014,1014
PUEBLO,08101,3034651015,1015,081015,1015
PUEBLO,08101,3034651016,1016,081016,1016
PUEBLO,08101,3034651017,1017,081017,1017
PUEBLO,08101,3034651018,1018,081018,1018
PUEBLO,08101,3034651019,1019,081019,1019
PUEBLO,08101,3034651102,1102,08101102,1102
PUEBLO,08101,3034651103,1103,08101103,1103
PUEBLO,08101,3034651104,1104,08101104,1104
PUEBLO,08101,3034651105,1105,08101105,1105
PUEBLO,08101,3034651106,1106,08101106,1106
PUEBLO,08101,3034651107,1107,08101107,1107
PUEBLO,08101,3034651108,1108,08101108,1108
PUEBLO,08101,3034651109,1109,08101109,1109
PUEBLO,08101,3034651111,1111,08101111,1111
PUEBLO,08101,3034651112,1112,08101112,1112
PUEBLO,08101,3034651113,1113,08101113,1113
PUEBLO,08101,3034651114,1114,08101114,1114
PUEBLO,08101,3034651116,1116,08101116,1116
PUEBLO,08101,3034651117,1117,08101117,1117
PUEBLO,08101,3034651119,1119,08101119,1119
PUEBLO,08101,3034651125,1125,08101125,1125
PUEBLO,08101,3034751011,1011,081011,1011
PUEBLO,08101,3034751015,1015,081015,1015
PUEBLO,08101,3034751016,1016,081016,1016
PUEBLO,08101,3034751017,1017,081017,1017
PUEBLO,08101,3034751018,1018,081018,1018
PUEBLO,08101,3034751019,1019,081019,1019
PUEBLO,08101,3034751100,1100,08101100,1100
PUEBLO,08101,3034751101,1101,08101101,1101
PUEBLO,08101,3034751102,1102,08101102,1102
PUEBLO,08101,3034751105,1105,08101105,1105
PUEBLO,08101,3034751106,1106,08101106,1106
PUEBLO,08101,3034751108,1108,08101108,1108
PUEBLO,08101,3034751109,1109,08101109,1109
PUEBLO,08101,3034751110,1110,08101110,1110
PUEBLO,08101,3034751111,1111,08101111,1111
PUEBLO,08101,3034751112,1112,08101112,1112
PUEBLO,08101,3034751113,1113,08101113,1113
PUEBLO,08101,3034751114,1114,08101114,1114
PUEBLO,08101,3034751115,1115,08101115,1115
PUEBLO,08101,3034751116,1116,08101116,1116
PUEBLO,08101,3034751118,1118,08101118,1118
PUEBLO,08101,3034751119,1119,08101119,1119
PUEBLO,08101,3034751120,1120,08101120,1120
PUEBLO,08101,3034751121,1121,08101121,1121
PUEBLO,08101,3034751123,1123,08101123,1123
PUEBLO,08101,3036051016,1016,081016,1016
PUEBLO,08101,3036251012,1012,081012,1012
PUEBLO,08101,3036251013,1013,081013,1013
PUEBLO,08101,3036251014,1014,081014,1014
PUEBLO,08101,3036251019,1019,081019,1019
PUEBLO,08101,3036251101,1101,08101101,1101
PUEBLO,08101,3036251102,1102,08101102,1102
PUEBLO,08101,3036251104,1104,08101104,1104
PUEBLO,08101,3036251115,1115,08101115,1115
PUEBLO,08101,3036251117,1117,08101117,1117
PUEBLO,08101,3036251118,1118,08101118,1118
PUEBLO,08101,3036251124,1124,08101124,1124
PUEBLO,08101,3354751106,1106,08101106,1106
PUEBLO,08101,3354751107,1107,08101107,1107
PUEBLO,08101,3354751108,1108,08101108,1108
PUEBLO,08101,3354751109,1109,08101109,1109
PUEBLO,08101,3354751110,1110,08101110,1110
PUEBLO,08101,3354751111,1111,08101111,1111
PUEBLO,08101,3354751112,1112,08101112,1112
PUEBLO,08101,3356251103,1103,08101103,1103
PUEBLO,08101,3356251105,1105,08101105,1105
WELD,08123,Absentee 1,1,0812311301,1301
WELD,08123,Absentee 1,1,0812318211,8211
WELD,08123,Absentee 1,1,0812319121,9121
WELD,08123,Absentee 1,1,0812360101,0101
WELD,08123,Absentee 1,1,0812360111,0111
WELD,08123,Absentee 1,1,0812360321,0321
WELD,08123,Absentee 1,1,0812368131,8131
WELD,08123,Absentee 1,1,0812368241,8241
WELD,08123,Absentee 1,1,0812368251,8251
WELD,08123,Absentee 1,1,0812369161,9161
WELD,08123,Absentee 2,2,0812311302,1302
WELD,08123,Absentee 2,2,0812318212,8212
WELD,08123,Absentee 2,2,0812319122,9122
WELD,08123,Absentee 2,2,0812360102,0102
WELD,08123,Absentee 2,2,0812360112,0112
WELD,08123,Absentee 2,2,0812360322,0322
WELD,08123,Absentee 2,2,0812368132,8132
WELD,08123,Absentee 2,2,0812368242,8242
WELD,08123,Absentee 2,2,0812368252,8252
WELD,08123,Absentee 2,2,0812369162,9162
WELD,08123,Early Greenley1,1,0812311301,1301
WELD,08123,Early Greenley1,1,0812318211,8211
WELD,08123,Early Greenley1,1,0812319121,9121
WELD,08123,Early Greenley1,1,0812360101,0101
WELD,08123,Early Greenley1,1,0812360111,0111
WELD,08123,Early Greenley1,1,0812360321,0321
WELD,08123,Early Greenley1,1,0812368131,8131
WELD,08123,Early Greenley1,1,0812368241,8241
WELD,08123,Early Greenley1,1,0812368251,8251
WELD,08123,Early Greenley1,1,0812369161,9161
WELD,08123,PROV CONG 2,2,0812311302,1302
WELD,08123,PROV CONG 2,2,0812318212,8212
WELD,08123,PROV CONG 2,2,0812319122,9122
WELD,08123,PROV CONG 2,2,0812360102,0102
WELD,08123,PROV CONG 2,2,0812360112,0112
WELD,08123,PROV CONG 2,2,0812360322,0322
WELD,08123,PROV CONG 2,2,0812368132,8132
WELD,08123,PROV CONG 2,2,0812368242,8242
WELD,08123,PROV CONG 2,2,0812368252,8252
WELD,08123,PROV CONG 2,2,0812369162,9162
WELD,08123,PROV CONG 4,4,0812311304,1304
WELD,08123,PROV CONG 4,4,0812318214,8214
WELD,08123,PROV CONG 4,4,0812319324,9324
WELD,08123,PROV CONG 4,4,0812360104,0104
WELD,08123,PROV CONG 4,4,0812360114,0114
WELD,08123,PROV CONG 4,4,0812360324,0324
WELD,08123,PROV CONG 4,4,0812368134,8134
WELD,08123,PROV CONG 4,4,0812368244,8244
WELD,08123,PROV CONG 4,4,0812368254,8254
WELD,08123,PROV CONG 4,4,0812369364,9364
WELD,08123,PROV HD 33,33,0812368133,8133
WELD,08123,PROV HD 49,49,0812368249,8249
WELD,08123,PROV HD 50,50,0812368250,8250
WELD,08123,PROV HD 65,65,0812368265,8265
WELD,08123,PROV SD 13,13,0812318213,8213
WELD,08123,PROV SD 13,13,0812360113,0113
WELD,08123,PROV SD 23,23,0812319323,9323
WELD,08123,PROV SD 23,23,0812360323,0323
WELD,08123,Provisional 1,1,0812311301,1301
WELD,08123,Provisional 1,1,0812318211,8211
WELD,08123,Provisional 1,1,0812319121,9121
WELD,08123,Provisional 1,1,0812360101,0101
WELD,08123,Provisional 1,1,0812360111,0111
WELD,08123,Provisional 1,1,0812360321,0321
WELD,08123,Provisional 1,1,0812368131,8131
WELD,08123,Provisional 1,1,0812368241,8241
WELD,08123,Provisional 1,1,0812368251,8251
WELD,08123,Provisional 1,1,0812369161,9161
WELD,08123,Provisional 2,2,0812311302,1302
WELD,08123,Provisional 2,2,0812318212,8212
WELD,08123,Provisional 2,2,0812319122,9122
WELD,08123,Provisional 2,2,0812360102,0102
WELD,08123,Provisional 2,2,0812360112,0112
WELD,08123,Provisional 2,2,0812360322,0322
WELD,08123,Provisional 2,2,0812368132,8132
WELD,08123,Provisional 2,2,0812368242,8242
WELD,08123,Provisional 2,2,0812368252,8252
WELD,08123,Provisional 2,2,0812369162,9162