precinct_id,CVAP_TOT24
ADAMS - 001001,2337
ADAMS - 001002,2105
ADAMS - 001003,2096
ADAMS - 001004,1257
ADAMS - 001005,1894
ADAMS - 001006,1671
ADAMS - 001007,1098
ADAMS - 001008,1215
ADAMS - 001009,881
ADAMS - 001010,2253
ADAMS - 001011,3014
ADAMS - 001012,1566
ADAMS - 001013,1909
ADAMS - 001014,1196
ADAMS - 001015,2941
ADAMS - 001016,1427
ADAMS - 001017,867
ADAMS - 001018,1481
ADAMS - 001019,1038
ADAMS - 001020,1581
ADAMS - 001021,2412
ADAMS - 001022,1716
ADAMS - 001023,1672
ADAMS - 001024,1598
ADAMS - 001025,1704
ADAMS - 001026,2561
ADAMS - 001027,1865
ADAMS - 001028,1638
ADAMS - 001029,2582
ADAMS - 001030,1781
ADAMS - 001031,1712
ADAMS - 001032,1260
ADAMS - 001033,2128
ADAMS - 001034,1354
ADAMS - 001035,1509
ADAMS - 001036,1183
ADAMS - 001037,1133
ADAMS - 001038,2208
ADAMS - 001039,1402
ADAMS - 001040,984
ADAMS - 001041,1357
ADAMS - 001042,1199
ADAMS - 001043,933
ADAMS - 001044,1616
ADAMS - 001045,624
ADAMS - 001046,607
ADAMS - 001047,1065
ADAMS - 001048,807
ADAMS - 001049,1217
ADAMS - 001050,1282
ADAMS - 001051,2218
ADAMS - 001052,2324
ADAMS - 001053,1379
ADAMS - 001054,916
ADAMS - 001055,1183
ADAMS - 001056,1232
ADAMS - 001057,1210
ADAMS - 001058,1461
ADAMS - 001059,1151
ADAMS - 001060,1677
ADAMS - 001061,1701
ADAMS - 001062,1418
ADAMS - 001063,1614
ADAMS - 001064,2406
ADAMS - 001065,1486
ADAMS - 001066,1048
ADAMS - 001067,989
ADAMS - 001068,1337
ADAMS - 001069,2046
ADAMS - 001070,958
ADAMS - 001071,1223
ADAMS - 001072,933
ADAMS - 001073,2242
ADAMS - 001074,1217
ADAMS - 001075,749
ADAMS - 001076,1376
ADAMS - 001077,1126
ADAMS - 001078,707
ADAMS - 001079,861
ADAMS - 001080,1145
ADAMS - 001081,964
ADAMS - 001082,952
ADAMS - 001083,1547
ADAMS - 001084,644
ADAMS - 001085,1131
ADAMS - 001086,938
ADAMS - 001087,2997
ADAMS - 001088,1878
ADAMS - 001089,1687
ADAMS - 001090,3015
ADAMS - 001091,1479
ADAMS - 001092,1717
ADAMS - 001093,1830
ADAMS - 001094,1558
ADAMS - 001095,1746
ADAMS - 001096,1391
ADAMS - 001097,1619
ADAMS - 001098,1018
ADAMS - 001099,1138
ADAMS - 001100,1749
ADAMS - 001101,2335
ADAMS - 001102,1662
ADAMS - 001103,1163
ADAMS - 001104,1291
ADAMS - 001105,416
ADAMS - 001106,2246
ADAMS - 001107,1812
ADAMS - 001108,2333
ADAMS - 001109,1656
ADAMS - 001110,755
ADAMS - 001111,1976
ADAMS - 001112,1430
ADAMS - 001113,1681
ADAMS - 001114,1298
ADAMS - 001115,1580
ADAMS - 001116,959
ADAMS - 001117,2334
ADAMS - 001118,1918
ADAMS - 001119,2221
ADAMS - 001120,1799
ADAMS - 001121,1471
ADAMS - 001122,1197
ADAMS - 001123,2252
ADAMS - 001124,1545
ADAMS - 001125,1238
ADAMS - 001126,1860
ADAMS - 001127,1348
ADAMS - 001128,2471
ADAMS - 001129,2694
ADAMS - 001130,406
ADAMS - 001131,1319
ADAMS - 001132,2151
ADAMS - 001133,2184
ADAMS - 001134,1585
ADAMS - 001135,1888
ADAMS - 001136,1100
ADAMS - 001137,1627
ADAMS - 001138,1043
ADAMS - 001139,436
ADAMS - 001140,1070
ADAMS - 001141,1785
ADAMS - 001142,1406
ADAMS - 001143,1422
ADAMS - 001144,1586
ADAMS - 001145,1896
ADAMS - 001146,1618
ADAMS - 001147,2042
ADAMS - 001148,1103
ADAMS - 001149,949
ADAMS - 001150,1980
ADAMS - 001151,1412
ADAMS - 001152,1585
ADAMS - 001153,1168
ADAMS - 001154,74
ADAMS - 001155,500
ADAMS - 001156,533
ADAMS - 001157,1090
ADAMS - 001158,1312
ADAMS - 001159,1779
ADAMS - 001160,970
ADAMS - 001161,481
ADAMS - 001162,1032
ADAMS - 001163,755
ADAMS - 001164,583
ADAMS - 001165,1572
ADAMS - 001166,573
ADAMS - 001167,704
ADAMS - 001168,1193
ADAMS - 001169,574
ADAMS - 001170,1859
ADAMS - 001171,1638
ADAMS - 001172,1133
ADAMS - 001173,126
ADAMS - 001174,709
ADAMS - 001175,1302
ADAMS - 001176,471
ADAMS - 001177,918
ADAMS - 001178,20
ADAMS - 001179,57
ADAMS - 001180,1746
ADAMS - 001181,1566
ADAMS - 001182,922
ADAMS - 001183,373
ADAMS - 001184,603
ADAMS - 001185,691
ADAMS - 001186,1592
ADAMS - 001187,1350
ADAMS - 001188,756
ADAMS - 001189,1015
ADAMS - 001190,1560
ADAMS - 001191,2489
ADAMS - 001192,1480
ADAMS - 001193,1135
ADAMS - 001194,919
ADAMS - 001195,687
ADAMS - 001196,331
ADAMS - 001197,729
ADAMS - 001198,1156
ADAMS - 001199,1332
ADAMS - 001200,175
ADAMS - 001201,637
ADAMS - 001202,1111
ADAMS - 001203,963
ADAMS - 001204,767
ADAMS - 001205,1672
ADAMS - 001206,1821
ADAMS - 001207,956
ADAMS - 001208,1168
ADAMS - 001209,1783
ADAMS - 001210,2604
ADAMS - 001211,671
ADAMS - 001212,981
ADAMS - 001213,1404
ADAMS - 001214,1664
ADAMS - 001215,1739
ADAMS - 001216,1933
ADAMS - 001217,988
ADAMS - 001218,1186
ADAMS - 001219,991
ADAMS - 001220,337
ADAMS - 001221,739
ADAMS - 001222,808
ADAMS - 001223,10
ADAMS - 001224,54
ADAMS - 001225,297
ADAMS - 001226,327
ADAMS - 001227,299
ADAMS - 001228,797
ADAMS - 001229,2596
ADAMS - 001230,2223
ADAMS - 001231,2219
ADAMS - 001232,3129
ADAMS - 001233,1974
ADAMS - 001234,1111
ADAMS - 001235,996
ADAMS - 001236,1411
ADAMS - 001237,1406
ADAMS - 001238,1271
ADAMS - 001239,1859
ADAMS - 001240,4165
ADAMS - 001241,689
ADAMS - 001242,876
ADAMS - 001243,1309
ADAMS - 001244,862
ADAMS - 001245,476
ADAMS - 001246,1819
ADAMS - 001247,1142
ADAMS - 001248,1057
ADAMS - 001249,379
ADAMS - 001250,1950
ADAMS - 001251,1462
ADAMS - 001252,1343
ADAMS - 001253,849
ADAMS - 001254,1532
ADAMS - 001255,1153
ALAMOSA - 003001,912
ALAMOSA - 003002,1492
ALAMOSA - 003003,1731
ALAMOSA - 003004,2224
ALAMOSA - 003005,963
ALAMOSA - 003006,1123
ALAMOSA - 003007,2817
ALAMOSA - 003008,860
ARAPAHOE - 005101,1940
ARAPAHOE - 005102,1550
ARAPAHOE - 005103,1071
ARAPAHOE - 005104,880
ARAPAHOE - 005105,2192
ARAPAHOE - 005106,732
ARAPAHOE - 005107,1181
ARAPAHOE - 005108,844
ARAPAHOE - 005109,702
ARAPAHOE - 005110,535
ARAPAHOE - 005111,1976
ARAPAHOE - 005112,891
ARAPAHOE - 005113,1057
ARAPAHOE - 005114,1558
ARAPAHOE - 005115,1353
ARAPAHOE - 005116,1631
ARAPAHOE - 005117,2071
ARAPAHOE - 005118,984
ARAPAHOE - 005119,765
ARAPAHOE - 005120,1020
ARAPAHOE - 005121,737
ARAPAHOE - 005122,845
ARAPAHOE - 005123,1274
ARAPAHOE - 005124,1482
ARAPAHOE - 005125,929
ARAPAHOE - 005126,1158
ARAPAHOE - 005127,184
ARAPAHOE - 005128,365
ARAPAHOE - 005129,601
ARAPAHOE - 005130,1087
ARAPAHOE - 005131,964
ARAPAHOE - 005132,1025
ARAPAHOE - 005133,750
ARAPAHOE - 005134,590
ARAPAHOE - 005135,397
ARAPAHOE - 005136,808
ARAPAHOE - 005137,953
ARAPAHOE - 005138,402
ARAPAHOE - 005139,685
ARAPAHOE - 005140,698
ARAPAHOE - 005141,505
ARAPAHOE - 005142,728
ARAPAHOE - 005143,1153
ARAPAHOE - 005144,861
ARAPAHOE - 005145,605
ARAPAHOE - 005146,669
ARAPAHOE - 005147,812
ARAPAHOE - 005148,569
ARAPAHOE - 005149,1552
ARAPAHOE - 005150,1205
ARAPAHOE - 005151,1279
ARAPAHOE - 005152,922
ARAPAHOE - 005153,2327
ARAPAHOE - 005154,1286
ARAPAHOE - 005155,1001
ARAPAHOE - 005156,447
ARAPAHOE - 005157,714
ARAPAHOE - 005158,985
ARAPAHOE - 005159,778
ARAPAHOE - 005160,1193
ARAPAHOE - 005161,924
ARAPAHOE - 005162,1088
ARAPAHOE - 005163,1414
ARAPAHOE - 005164,902
ARAPAHOE - 005165,1122
ARAPAHOE - 005166,362
ARAPAHOE - 005167,717
ARAPAHOE - 005168,920
ARAPAHOE - 005169,1124
ARAPAHOE - 005170,1231
ARAPAHOE - 005171,1543
ARAPAHOE - 005172,907
ARAPAHOE - 005173,1296
ARAPAHOE - 005174,787
ARAPAHOE - 005175,911
ARAPAHOE - 005176,1328
ARAPAHOE - 005177,1194
ARAPAHOE - 005178,1142
ARAPAHOE - 005179,822
ARAPAHOE - 005180,995
ARAPAHOE - 005181,872
ARAPAHOE - 005182,890
ARAPAHOE - 005183,1713
ARAPAHOE - 005184,765
ARAPAHOE - 005185,992
ARAPAHOE - 005186,711
ARAPAHOE - 005187,1020
ARAPAHOE - 005188,551
ARAPAHOE - 005189,1035
ARAPAHOE - 005190,1275
ARAPAHOE - 005191,1056
ARAPAHOE - 005192,1191
ARAPAHOE - 005193,858
ARAPAHOE - 005194,1151
ARAPAHOE - 005195,836
ARAPAHOE - 005196,621
ARAPAHOE - 005197,695
ARAPAHOE - 005201,324
ARAPAHOE - 005202,324
ARAPAHOE - 005203,716
ARAPAHOE - 005204,1469
ARAPAHOE - 005205,718
ARAPAHOE - 005206,613
ARAPAHOE - 005207,1130
ARAPAHOE - 005208,1115
ARAPAHOE - 005209,885
ARAPAHOE - 005210,1751
ARAPAHOE - 005211,741
ARAPAHOE - 005212,1452
ARAPAHOE - 005213,1156
ARAPAHOE - 005214,858
ARAPAHOE - 005215,665
ARAPAHOE - 005216,833
ARAPAHOE - 005217,841
ARAPAHOE - 005218,1226
ARAPAHOE - 005219,1018
ARAPAHOE - 005220,758
ARAPAHOE - 005221,612
ARAPAHOE - 005222,805
ARAPAHOE - 005223,1217
ARAPAHOE - 005224,947
ARAPAHOE - 005225,1204
ARAPAHOE - 005226,684
ARAPAHOE - 005227,612
ARAPAHOE - 005228,639
ARAPAHOE - 005229,1148
ARAPAHOE - 005230,0
ARAPAHOE - 005231,1437
ARAPAHOE - 005232,2065
ARAPAHOE - 005233,1505
ARAPAHOE - 005234,1363
ARAPAHOE - 005235,650
ARAPAHOE - 005236,721
ARAPAHOE - 005237,1094
ARAPAHOE - 005238,1149
ARAPAHOE - 005239,1066
ARAPAHOE - 005240,1534
ARAPAHOE - 005241,825
ARAPAHOE - 005242,660
ARAPAHOE - 005243,2159
ARAPAHOE - 005244,1296
ARAPAHOE - 005245,449
ARAPAHOE - 005246,1102
ARAPAHOE - 005247,1569
ARAPAHOE - 005248,689
ARAPAHOE - 005249,790
ARAPAHOE - 005250,911
ARAPAHOE - 005251,1368
ARAPAHOE - 005252,1299
ARAPAHOE - 005253,1520
ARAPAHOE - 005254,360
ARAPAHOE - 005255,1560
ARAPAHOE - 005256,0
ARAPAHOE - 005257,1200
ARAPAHOE - 005258,749
ARAPAHOE - 005259,2698
ARAPAHOE - 005260,1860
ARAPAHOE - 005261,1567
ARAPAHOE - 005262,1469
ARAPAHOE - 005263,962
ARAPAHOE - 005264,1254
ARAPAHOE - 005265,1123
ARAPAHOE - 005266,1049
ARAPAHOE - 005267,1021
ARAPAHOE - 005268,932
ARAPAHOE - 005269,996
ARAPAHOE - 005270,1538
ARAPAHOE - 005271,1015
ARAPAHOE - 005272,820
ARAPAHOE - 005273,1024
ARAPAHOE - 005274,1303
ARAPAHOE - 005275,603
ARAPAHOE - 005276,372
ARAPAHOE - 005277,967
ARAPAHOE - 005278,423
ARAPAHOE - 005279,829
ARAPAHOE - 005280,945
ARAPAHOE - 005281,1373
ARAPAHOE - 005282,1291
ARAPAHOE - 005283,846
ARAPAHOE - 005284,989
ARAPAHOE - 005285,522
ARAPAHOE - 005286,2904
ARAPAHOE - 005301,570
ARAPAHOE - 005302,1414
ARAPAHOE - 005303,1067
ARAPAHOE - 005304,1120
ARAPAHOE - 005305,1247
ARAPAHOE - 005306,851
ARAPAHOE - 005307,1336
ARAPAHOE - 005308,931
ARAPAHOE - 005309,1435
ARAPAHOE - 005310,1498
ARAPAHOE - 005311,1654
ARAPAHOE - 005312,2026
ARAPAHOE - 005313,1525
ARAPAHOE - 005314,1032
ARAPAHOE - 005315,1177
ARAPAHOE - 005316,1074
ARAPAHOE - 005317,989
ARAPAHOE - 005318,1297
ARAPAHOE - 005319,1953
ARAPAHOE - 005320,1818
ARAPAHOE - 005321,1495
ARAPAHOE - 005322,1203
ARAPAHOE - 005323,39
ARAPAHOE - 005324,456
ARAPAHOE - 005325,1494
ARAPAHOE - 005326,1059
ARAPAHOE - 005327,1194
ARAPAHOE - 005328,275
ARAPAHOE - 005329,1740
ARAPAHOE - 005330,1932
ARAPAHOE - 005331,752
ARAPAHOE - 005332,1111
ARAPAHOE - 005333,953
ARAPAHOE - 005334,2066
ARAPAHOE - 005335,1643
ARAPAHOE - 005336,1984
ARAPAHOE - 005337,1731
ARAPAHOE - 005338,1241
ARAPAHOE - 005339,1384
ARAPAHOE - 005340,3476
ARAPAHOE - 005341,1862
ARAPAHOE - 005342,2115
ARAPAHOE - 005343,1401
ARAPAHOE - 005344,1558
ARAPAHOE - 005345,498
ARAPAHOE - 005346,1152
ARAPAHOE - 005347,1775
ARAPAHOE - 005348,0
ARAPAHOE - 005349,0
ARAPAHOE - 005350,18
ARAPAHOE - 005351,2437
ARAPAHOE - 005352,1819
ARAPAHOE - 005353,989
ARAPAHOE - 005354,1666
ARAPAHOE - 005355,3865
ARAPAHOE - 005356,1662
ARAPAHOE - 005357,6
ARAPAHOE - 005358,84
ARAPAHOE - 005359,0
ARAPAHOE - 005360,2590
ARAPAHOE - 005361,4
ARAPAHOE - 005362,1290
ARAPAHOE - 005363,1229
ARAPAHOE - 005364,1713
ARAPAHOE - 005365,1110
ARAPAHOE - 005366,891
ARAPAHOE - 005367,1254
ARAPAHOE - 005368,1029
ARAPAHOE - 005369,1555
ARAPAHOE - 005370,1828
ARAPAHOE - 005371,1293
ARAPAHOE - 005372,2128
ARAPAHOE - 005373,1499
ARAPAHOE - 005374,2387
ARAPAHOE - 005375,1828
ARAPAHOE - 005376,1390
ARAPAHOE - 005377,2533
ARAPAHOE - 005378,1535
ARAPAHOE - 005379,924
ARAPAHOE - 005380,1194
ARAPAHOE - 005381,2227
ARAPAHOE - 005401,1938
ARAPAHOE - 005402,0
ARAPAHOE - 005403,1327
ARAPAHOE - 005404,1334
ARAPAHOE - 005405,1308
ARAPAHOE - 005406,363
ARAPAHOE - 005407,2046
ARAPAHOE - 005408,1072
ARAPAHOE - 005409,1881
ARAPAHOE - 005410,1581
ARAPAHOE - 005411,2243
ARAPAHOE - 005412,2359
ARAPAHOE - 005413,1575
ARAPAHOE - 005414,1036
ARAPAHOE - 005416,1914
ARAPAHOE - 005417,1277
ARAPAHOE - 005418,1209
ARAPAHOE - 005419,1759
ARAPAHOE - 005420,1734
ARAPAHOE - 005421,832
ARAPAHOE - 005422,753
ARAPAHOE - 005423,1736
ARAPAHOE - 005424,15
ARAPAHOE - 005425,969
ARAPAHOE - 005426,691
ARAPAHOE - 005427,1531
ARAPAHOE - 005428,1141
ARAPAHOE - 005429,899
ARAPAHOE - 005430,1394
ARAPAHOE - 005431,892
ARAPAHOE - 005432,1600
ARAPAHOE - 005433,1498
ARAPAHOE - 005434,1265
ARAPAHOE - 005435,1469
ARAPAHOE - 005436,1715
ARAPAHOE - 005437,1332
ARAPAHOE - 005438,1905
ARAPAHOE - 005439,1204
ARAPAHOE - 005440,767
ARAPAHOE - 005441,749
ARAPAHOE - 005442,664
ARAPAHOE - 005443,473
ARAPAHOE - 005444,1082
ARAPAHOE - 005445,742
ARAPAHOE - 005446,1019
ARAPAHOE - 005447,1085
ARAPAHOE - 005448,1981
ARAPAHOE - 005449,925
ARAPAHOE - 005450,1630
ARAPAHOE - 005451,1458
ARAPAHOE - 005452,1014
ARAPAHOE - 005453,577
ARAPAHOE - 005454,1039
ARAPAHOE - 005455,1348
ARAPAHOE - 005456,1033
ARAPAHOE - 005457,4
ARAPAHOE - 005458,0
ARAPAHOE - 005459,821
ARAPAHOE - 005460,1180
ARAPAHOE - 005461,1477
ARAPAHOE - 005462,1113
ARAPAHOE - 005463,2012
ARAPAHOE - 005464,1117
ARAPAHOE - 005465,799
ARAPAHOE - 005466,1145
ARAPAHOE - 005467,1029
ARAPAHOE - 005468,792
ARAPAHOE - 005469,668
ARAPAHOE - 005470,1711
ARAPAHOE - 005471,1118
ARAPAHOE - 005472,1726
ARAPAHOE - 005473,2595
ARAPAHOE - 005474,683
ARAPAHOE - 005475,35
ARAPAHOE - 005501,1743
ARAPAHOE - 005502,1663
ARAPAHOE - 005503,2793
ARAPAHOE - 005504,1054
ARAPAHOE - 005505,1350
ARAPAHOE - 005506,2103
ARAPAHOE - 005507,974
ARAPAHOE - 005508,832
ARAPAHOE - 005509,473
ARAPAHOE - 005510,1136
ARAPAHOE - 005511,1758
ARAPAHOE - 005512,2270
ARAPAHOE - 005513,1166
ARAPAHOE - 005514,1501
ARAPAHOE - 005515,1000
ARAPAHOE - 005516,1063
ARAPAHOE - 005517,824
ARAPAHOE - 005518,878
ARAPAHOE - 005519,1059
ARAPAHOE - 005520,936
ARAPAHOE - 005521,907
ARAPAHOE - 005522,1143
ARAPAHOE - 005523,1040
ARAPAHOE - 005524,1132
ARAPAHOE - 005525,1096
ARAPAHOE - 005526,1150
ARAPAHOE - 005527,1575
ARAPAHOE - 005528,599
ARAPAHOE - 005529,1226
ARAPAHOE - 005530,1475
ARAPAHOE - 005531,1473
ARAPAHOE - 005532,1444
ARAPAHOE - 005533,2164
ARAPAHOE - 005534,1932
ARAPAHOE - 005535,806
ARAPAHOE - 005536,926
ARAPAHOE - 005537,1367
ARAPAHOE - 005538,1604
ARAPAHOE - 005539,1803
ARAPAHOE - 005540,803
ARAPAHOE - 005541,1047
ARAPAHOE - 005542,723
ARAPAHOE - 005543,1129
ARAPAHOE - 005544,2616
ARAPAHOE - 005545,604
ARAPAHOE - 005546,986
ARAPAHOE - 005547,1946
ARAPAHOE - 005548,797
ARAPAHOE - 005549,973
ARAPAHOE - 005550,200
ARAPAHOE - 005551,1900
ARAPAHOE - 005552,1287
ARAPAHOE - 005553,2136
ARAPAHOE - 005554,1100
ARAPAHOE - 005555,998
ARAPAHOE - 005556,1422
ARAPAHOE - 005557,1886
ARAPAHOE - 005558,1255
ARAPAHOE - 005559,987
ARAPAHOE - 005560,355
ARAPAHOE - 005561,0
ARCHULETA - 007001,1300
ARCHULETA - 007002,1003
ARCHULETA - 007003,861
ARCHULETA - 007004,582
ARCHULETA - 007005,864
ARCHULETA - 007006,2759
ARCHULETA - 007007,1758
ARCHULETA - 007008,2094
BACA - 009001,256
BACA - 009002,379
BACA - 009003,184
BACA - 009004,931
BACA - 009005,127
BACA - 009006,160
BACA - 009007,60
BACA - 009008,368
BACA - 009009,86
BENT - 011001,564
BENT - 011002,565
BENT - 011003,1902
BENT - 011004,777
BENT - 011005,737
BOULDER - 013100,1497
BOULDER - 013101,1331
BOULDER - 013102,1471
BOULDER - 013103,1049
BOULDER - 013104,994
BOULDER - 013105,694
BOULDER - 013106,1317
BOULDER - 013107,731
BOULDER - 013200,594
BOULDER - 013201,571
BOULDER - 013202,1036
BOULDER - 013203,756
BOULDER - 013204,995
BOULDER - 013205,838
BOULDER - 013206,563
BOULDER - 013207,1046
BOULDER - 013208,862
BOULDER - 013209,477
BOULDER - 013210,822
BOULDER - 013211,985
BOULDER - 013212,1474
BOULDER - 013213,2650
BOULDER - 013214,1399
BOULDER - 013300,2230
BOULDER - 013301,2207
BOULDER - 013302,1927
BOULDER - 013303,709
BOULDER - 013304,1080
BOULDER - 013305,1389
BOULDER - 013306,1735
BOULDER - 013307,1509
BOULDER - 013308,973
BOULDER - 013309,1109
BOULDER - 013310,1439
BOULDER - 013311,901
BOULDER - 013312,851
BOULDER - 013313,1405
BOULDER - 013314,1223
BOULDER - 013315,965
BOULDER - 013316,1222
BOULDER - 013400,106
BOULDER - 013401,454
BOULDER - 013402,434
BOULDER - 013403,939
BOULDER - 013404,822
BOULDER - 013405,427
BOULDER - 013406,1181
BOULDER - 013407,657
BOULDER - 013408,1533
BOULDER - 013409,1888
BOULDER - 013410,776
BOULDER - 013411,1275
BOULDER - 013412,2437
BOULDER - 013413,1718
BOULDER - 013500,856
BOULDER - 013501,623
BOULDER - 013502,927
BOULDER - 013503,1703
BOULDER - 013504,990
BOULDER - 013505,665
BOULDER - 013506,426
BOULDER - 013507,1190
BOULDER - 013508,542
BOULDER - 013600,2168
BOULDER - 013601,1604
BOULDER - 013602,903
BOULDER - 013603,1967
BOULDER - 013604,1132
BOULDER - 013605,1218
BOULDER - 013606,1026
BOULDER - 013607,1706
BOULDER - 013608,1495
BOULDER - 013609,1001
BOULDER - 013610,2600
BOULDER - 013611,1714
BOULDER - 013612,1546
BOULDER - 013613,850
BOULDER - 013614,1407
BOULDER - 013615,662
BOULDER - 013616,1201
BOULDER - 013617,3393
BOULDER - 013618,2349
BOULDER - 013619,2352
BOULDER - 013620,2016
BOULDER - 013621,1011
BOULDER - 013622,1008
BOULDER - 013623,2125
BOULDER - 013624,1197
BOULDER - 013625,860
BOULDER - 013626,1426
BOULDER - 013627,1202
BOULDER - 013628,1123
BOULDER - 013629,667
BOULDER - 013630,1198
BOULDER - 013631,693
BOULDER - 013632,1312
BOULDER - 013633,1512
BOULDER - 013634,1090
BOULDER - 013635,741
BOULDER - 013636,1082
BOULDER - 013637,1763
BOULDER - 013638,1041
BOULDER - 013639,957
BOULDER - 013640,947
BOULDER - 013641,912
BOULDER - 013642,1735
BOULDER - 013643,1253
BOULDER - 013644,1668
BOULDER - 013645,1125
BOULDER - 013646,1026
BOULDER - 013647,1542
BOULDER - 013648,2048
BOULDER - 013649,1117
BOULDER - 013650,869
BOULDER - 013651,1357
BOULDER - 013652,1099
BOULDER - 013653,587
BOULDER - 013654,1447
BOULDER - 013700,877
BOULDER - 013701,574
BOULDER - 013702,369
BOULDER - 013703,511
BOULDER - 013704,430
BOULDER - 013705,665
BOULDER - 013706,183
BOULDER - 013707,572
BOULDER - 013708,589
BOULDER - 013800,663
BOULDER - 013801,1070
BOULDER - 013802,1684
BOULDER - 013803,1234
BOULDER - 013804,1338
BOULDER - 013805,348
BOULDER - 013806,1369
BOULDER - 013807,905
BOULDER - 013808,2035
BOULDER - 013809,898
BOULDER - 013810,883
BOULDER - 013811,1083
BOULDER - 013812,1098
BOULDER - 013813,1628
BOULDER - 013814,784
BOULDER - 013815,850
BOULDER - 013816,1119
BOULDER - 013817,586
BOULDER - 013818,1419
BOULDER - 013819,829
BOULDER - 013820,916
BOULDER - 013821,1159
BOULDER - 013822,1118
BOULDER - 013823,3122
BOULDER - 013824,1321
BOULDER - 013825,599
BOULDER - 013826,832
BOULDER - 013827,1145
BOULDER - 013828,910
BOULDER - 013829,1088
BOULDER - 013830,1073
BOULDER - 013831,1062
BOULDER - 013832,398
BOULDER - 013833,1749
BOULDER - 013834,2960
BOULDER - 013835,1436
BOULDER - 013836,964
BOULDER - 013837,1574
BOULDER - 013838,763
BOULDER - 013839,529
BOULDER - 013840,531
BOULDER - 013841,596
BOULDER - 013842,1048
BOULDER - 013843,1526
BOULDER - 013844,849
BOULDER - 013845,973
BOULDER - 013846,2593
BOULDER - 013847,1690
BOULDER - 013848,726
BOULDER - 013849,2580
BOULDER - 013850,785
BOULDER - 013851,1177
BOULDER - 013852,1328
BOULDER - 013853,832
BOULDER - 013854,959
BOULDER - 013855,813
BOULDER - 013856,552
BOULDER - 013857,641
BOULDER - 013858,1013
BOULDER - 013859,730
BOULDER - 013860,591
BOULDER - 013861,557
BOULDER - 013862,532
BOULDER - 013863,618
BOULDER - 013864,559
BOULDER - 013865,693
BOULDER - 013866,645
BOULDER - 013867,948
BOULDER - 013868,848
BOULDER - 013869,587
BOULDER - 013870,808
BOULDER - 013871,1019
BOULDER - 013872,1730
BOULDER - 013873,396
BOULDER - 013874,959
BOULDER - 013875,1137
BOULDER - 013876,1499
BOULDER - 013877,764
BOULDER - 013878,1222
BOULDER - 013879,959
BOULDER - 013880,1969
BOULDER - 013881,864
BOULDER - 013882,853
BOULDER - 013883,1114
BOULDER - 013884,969
BOULDER - 013885,510
BOULDER - 013886,559
BOULDER - 013887,707
BOULDER - 013888,754
BOULDER - 013900,387
BOULDER - 013901,577
BOULDER - 013902,647
BOULDER - 013903,1814
BOULDER - 013904,409
BOULDER - 013905,224
BOULDER - 013906,441
BOULDER - 013908,992
BOULDER - 013909,638
BOULDER - 013910,799
BOULDER - 013911,634
BOULDER - 013912,843
BOULDER - 013913,702
BOULDER - 013914,613
BOULDER - 013915,508
BOULDER - 013916,644
BOULDER - 013917,1237
BOULDER - 013918,1029
BROOMFIELD - 014001,1830
BROOMFIELD - 014002,3139
BROOMFIELD - 014003,2233
BROOMFIELD - 014004,1957
BROOMFIELD - 014005,179
BROOMFIELD - 014006,3508
BROOMFIELD - 014007,1022
BROOMFIELD - 014008,982
BROOMFIELD - 014009,972
BROOMFIELD - 014010,990
BROOMFIELD - 014011,1299
BROOMFIELD - 014012,1112
BROOMFIELD - 014013,1041
BROOMFIELD - 014014,1262
BROOMFIELD - 014015,1316
BROOMFIELD - 014016,858
BROOMFIELD - 014017,1614
BROOMFIELD - 014018,918
BROOMFIELD - 014019,1894
BROOMFIELD - 014020,1129
BROOMFIELD - 014021,2189
BROOMFIELD - 014022,1557
BROOMFIELD - 014023,1236
BROOMFIELD - 014024,2330
BROOMFIELD - 014025,2054
BROOMFIELD - 014026,1309
BROOMFIELD - 014027,1693
BROOMFIELD - 014028,595
BROOMFIELD - 014029,1323
BROOMFIELD - 014030,899
BROOMFIELD - 014031,1090
BROOMFIELD - 014032,2187
BROOMFIELD - 014033,1762
BROOMFIELD - 014034,679
BROOMFIELD - 014035,1824
BROOMFIELD - 014036,3239
BROOMFIELD - 014037,2032
CHAFFEE - 015001,1974
CHAFFEE - 015002,1807
CHAFFEE - 015003,3499
CHAFFEE - 015004,1193
CHAFFEE - 015005,2076
CHAFFEE - 015006,1691
CHAFFEE - 015007,1817
CHAFFEE - 015008,1635
CHAFFEE - 015009,1384
CHEYENNE - 017001,139
CHEYENNE - 017002,365
CHEYENNE - 017003,456
CHEYENNE - 017004,294
CHEYENNE - 017005,61
CLEAR CREEK - 019001,1063
CLEAR CREEK - 019002,546
CLEAR CREEK - 019003,607
CLEAR CREEK - 019004,1096
CLEAR CREEK - 019005,938
CLEAR CREEK - 019006,576
CLEAR CREEK - 019007,1245
CLEAR CREEK - 019008,795
CLEAR CREEK - 019009,970
CONEJOS - 021001,467
CONEJOS - 021002,628
CONEJOS - 021003,519
CONEJOS - 021004,443
CONEJOS - 021005,549
CONEJOS - 021006,774
CONEJOS - 021007,195
CONEJOS - 021008,915
CONEJOS - 021009,499
CONEJOS - 021010,510
COSTILLA - 023001,178
COSTILLA - 023002,298
COSTILLA - 023003,219
COSTILLA - 023004,336
COSTILLA - 023005,318
COSTILLA - 023006,201
COSTILLA - 023007,803
COSTILLA - 023008,454
CROWLEY - 025001,1691
CROWLEY - 025002,534
CROWLEY - 025003,539
CROWLEY - 025004,495
CROWLEY - 025005,1155
CROWLEY - 025006,431
CUSTER - 027001,2313
CUSTER - 027002,603
CUSTER - 027003,1563
DELTA - 029001,1800
DELTA - 029002,1109
DELTA - 029003,1367
DELTA - 029004,1625
DELTA - 029005,785
DELTA - 029006,1304
DELTA - 029007,1196
DELTA - 029008,1440
DELTA - 029009,1334
DELTA - 029010,1275
DELTA - 029011,1180
DELTA - 029012,969
DELTA - 029013,953
DELTA - 029014,1258
DELTA - 029015,1629
DELTA - 029016,1105
DELTA - 029017,1548
DELTA - 029018,1255
DELTA - 029019,1130
DELTA - 029020,923
DENVER - 031101,2274
DENVER - 031102,2005
DENVER - 031103,1819
DENVER - 031104,1943
DENVER - 031105,1586
DENVER - 031106,1643
DENVER - 031107,2138
DENVER - 031108,1739
DENVER - 031109,1451
DENVER - 031110,1432
DENVER - 031111,2087
DENVER - 031112,1302
DENVER - 031113,1169
DENVER - 031114,1337
DENVER - 031115,560
DENVER - 031116,1362
DENVER - 031117,1309
DENVER - 031118,2448
DENVER - 031119,2475
DENVER - 031120,2064
DENVER - 031121,1358
DENVER - 031122,1559
DENVER - 031123,1978
DENVER - 031124,1473
DENVER - 031125,1492
DENVER - 031126,1653
DENVER - 031127,2118
DENVER - 031128,810
DENVER - 031129,674
DENVER - 031130,1652
DENVER - 031131,1314
DENVER - 031132,1483
DENVER - 031201,2615
DENVER - 031202,2123
DENVER - 031203,1252
DENVER - 031204,2051
DENVER - 031205,1490
DENVER - 031206,1977
DENVER - 031207,1731
DENVER - 031208,1938
DENVER - 031209,1434
DENVER - 031210,1643
DENVER - 031211,1103
DENVER - 031212,1827
DENVER - 031213,1352
DENVER - 031214,1326
DENVER - 031215,2283
DENVER - 031216,1618
DENVER - 031217,1180
DENVER - 031218,1938
DENVER - 031219,3025
DENVER - 031220,2791
DENVER - 031221,2037
DENVER - 031222,1226
DENVER - 031223,856
DENVER - 031224,1781
DENVER - 031225,887
DENVER - 031226,1005
DENVER - 031227,1031
DENVER - 031228,601
DENVER - 031229,1174
DENVER - 031230,862
DENVER - 031231,939
DENVER - 031232,1901
DENVER - 031233,2604
DENVER - 031234,1666
DENVER - 031235,1609
DENVER - 031236,1150
DENVER - 031237,2624
DENVER - 031238,3378
DENVER - 031239,1476
DENVER - 031240,1341
DENVER - 031241,1150
DENVER - 031242,1106
DENVER - 031243,1305
DENVER - 031244,1428
DENVER - 031245,1373
DENVER - 031246,1086
DENVER - 031247,1284
DENVER - 031248,1357
DENVER - 031249,1254
DENVER - 031250,1108
DENVER - 031401,1909
DENVER - 031402,2056
DENVER - 031403,1360
DENVER - 031404,1372
DENVER - 031405,1510
DENVER - 031406,1086
DENVER - 031407,1524
DENVER - 031408,1549
DENVER - 031409,1341
DENVER - 031410,1265
DENVER - 031411,1250
DENVER - 031412,1726
DENVER - 031413,1795
DENVER - 031414,1453
DENVER - 031415,2368
DENVER - 031416,1586
DENVER - 031417,1182
DENVER - 031418,2101
DENVER - 031419,1329
DENVER - 031420,1607
DENVER - 031421,1835
DENVER - 031422,1674
DENVER - 031423,2209
DENVER - 031424,2562
DENVER - 031425,1383
DENVER - 031426,3999
DENVER - 031427,545
DENVER - 031428,2070
DENVER - 031429,1363
DENVER - 031430,1269
DENVER - 031431,2033
DENVER - 031432,1338
DENVER - 031433,1498
DENVER - 031434,1775
DENVER - 031435,1369
DENVER - 031436,2010
DENVER - 031501,1700
DENVER - 031502,1406
DENVER - 031503,1899
DENVER - 031504,1312
DENVER - 031505,1228
DENVER - 031506,1400
DENVER - 031507,1993
DENVER - 031508,1212
DENVER - 031509,1690
DENVER - 031510,2194
DENVER - 031511,1741
DENVER - 031512,2176
DENVER - 031513,5157
DENVER - 031514,2066
DENVER - 031515,6950
DENVER - 031516,879
DENVER - 031517,1238
DENVER - 031518,1581
DENVER - 031519,2061
DENVER - 031520,1234
DENVER - 031521,1680
DENVER - 031522,4620
DENVER - 031523,2192
DENVER - 031524,1852
DENVER - 031525,2363
DENVER - 031526,1595
DENVER - 031527,2662
DENVER - 031528,2428
DENVER - 031529,3985
DENVER - 031530,151
DENVER - 031531,2193
DENVER - 031532,705
DENVER - 031533,2005
DENVER - 031534,1272
DENVER - 031535,1704
DENVER - 031536,1574
DENVER - 031537,1542
DENVER - 031538,1365
DENVER - 031539,1712
DENVER - 031601,654
DENVER - 031602,1290
DENVER - 031603,938
DENVER - 031604,1893
DENVER - 031605,1071
DENVER - 031606,1157
DENVER - 031607,782
DENVER - 031608,1192
DENVER - 031609,245
DENVER - 031610,333
DENVER - 031611,991
DENVER - 031612,1086
DENVER - 031613,1171
DENVER - 031614,537
DENVER - 031615,1073
DENVER - 031616,1467
DENVER - 031617,947
DENVER - 031618,779
DENVER - 031619,1372
DENVER - 031620,2249
DENVER - 031621,1309
DENVER - 031622,964
DENVER - 031623,1190
DENVER - 031624,1260
DENVER - 031625,1025
DENVER - 031626,1185
DENVER - 031627,967
DENVER - 031628,1442
DENVER - 031629,1617
DENVER - 031630,886
DENVER - 031631,2961
DENVER - 031632,1359
DENVER - 031633,1105
DENVER - 031634,1188
DENVER - 031635,1924
DENVER - 031636,1097
DENVER - 031637,1343
DENVER - 031638,488
DENVER - 031639,1014
DENVER - 031640,1531
DENVER - 031641,1591
DENVER - 031642,964
DENVER - 031643,1143
DENVER - 031644,1156
DENVER - 031645,1064
DENVER - 031646,2478
DENVER - 031647,1398
DENVER - 031648,1605
DENVER - 031649,2950
DENVER - 031650,1299
DENVER - 031651,2379
DENVER - 031652,1255
DENVER - 031701,1437
DENVER - 031702,1489
DENVER - 031703,609
DENVER - 031704,950
DENVER - 031705,1734
DENVER - 031706,1109
DENVER - 031707,744
DENVER - 031708,3487
DENVER - 031709,988
DENVER - 031710,903
DENVER - 031711,398
DENVER - 031712,325
DENVER - 031713,1396
DENVER - 031714,1176
DENVER - 031715,1112
DENVER - 031716,1798
DENVER - 031717,1056
DENVER - 031718,1021
DENVER - 031719,951
DENVER - 031720,1574
DENVER - 031721,931
DENVER - 031722,1678
DENVER - 031723,1022
DENVER - 031724,1164
DENVER - 031725,1158
DENVER - 031726,1385
DENVER - 031727,1438
DENVER - 031728,3807
DENVER - 031729,4209
DENVER - 031730,2293
DENVER - 031731,2027
DENVER - 031732,1244
DENVER - 031733,4301
DENVER - 031734,1780
DENVER - 031735,1571
DENVER - 031736,1047
DENVER - 031737,1253
DENVER - 031738,1128
DENVER - 031739,1864
DENVER - 031740,1023
DENVER - 031741,1275
DENVER - 031742,2841
DENVER - 031743,768
DENVER - 031744,8077
DENVER - 031801,1457
DENVER - 031802,1175
DENVER - 031803,1117
DENVER - 031804,757
DENVER - 031805,939
DENVER - 031806,2245
DENVER - 031807,1093
DENVER - 031808,1167
DENVER - 031809,2224
DENVER - 031810,2000
DENVER - 031811,1407
DENVER - 031812,1136
DENVER - 031813,1128
DENVER - 031814,880
DENVER - 031815,701
DENVER - 031816,750
DENVER - 031817,933
DENVER - 031818,768
DENVER - 031819,1087
DENVER - 031820,1154
DENVER - 031821,685
DENVER - 031822,868
DENVER - 031823,1206
DENVER - 031824,1218
DENVER - 031825,1003
DENVER - 031826,1459
DENVER - 031827,1531
DENVER - 031828,2021
DENVER - 031829,1684
DENVER - 031830,1186
DENVER - 031831,863
DENVER - 031832,935
DENVER - 031833,1273
DENVER - 031834,899
DENVER - 031835,1149
DENVER - 031836,1155
DENVER - 031837,1556
DENVER - 031838,1454
DENVER - 031839,596
DENVER - 031840,618
DENVER - 031841,1510
DENVER - 031842,1242
DENVER - 031843,1210
DENVER - 031844,1823
DENVER - 031845,1198
DENVER - 031846,1171
DENVER - 031847,748
DENVER - 031848,1513
DENVER - 031849,1406
DENVER - 031850,1270
DENVER - 031851,1492
DENVER - 031852,978
DENVER - 031853,825
DENVER - 031854,1258
DENVER - 031855,2973
DENVER - 031901,2169
DENVER - 031902,3083
DENVER - 031903,1406
DENVER - 031904,1346
DENVER - 031905,343
DENVER - 031906,1560
DENVER - 031907,2221
DENVER - 031908,1385
DENVER - 031909,1515
DENVER - 031910,1804
DENVER - 031911,2627
DENVER - 031912,1655
DENVER - 031913,1849
DENVER - 031914,1364
DENVER - 031915,930
DENVER - 031916,2254
DENVER - 031917,1631
DENVER - 031918,1486
DENVER - 031919,1385
DENVER - 031920,1449
DENVER - 031921,2124
DENVER - 031922,1970
DENVER - 031923,1543
DENVER - 031924,2443
DENVER - 031925,731
DENVER - 031926,777
DENVER - 031927,1342
DENVER - 031928,694
DENVER - 031929,1489
DENVER - 031930,808
DENVER - 031931,672
DENVER - 031932,1448
DENVER - 031933,814
DENVER - 031934,989
DENVER - 031935,3996
DENVER - 031936,1934
DENVER - 031937,1182
DENVER - 031938,1765
DOLORES - 033001,310
DOLORES - 033002,269
DOLORES - 033003,429
DOLORES - 033004,1076
DOUGLAS - 035101,3838
DOUGLAS - 035102,1659
DOUGLAS - 035103,2591
DOUGLAS - 035104,581
DOUGLAS - 035105,2051
DOUGLAS - 035106,414
DOUGLAS - 035107,1009
DOUGLAS - 035108,1588
DOUGLAS - 035109,1729
DOUGLAS - 035110,1774
DOUGLAS - 035111,1278
DOUGLAS - 035112,3812
DOUGLAS - 035113,1766
DOUGLAS - 035114,2959
DOUGLAS - 035115,1468
DOUGLAS - 035116,1893
DOUGLAS - 035117,1921
DOUGLAS - 035201,3392
DOUGLAS - 035202,2586
DOUGLAS - 035203,1662
DOUGLAS - 035204,1533
DOUGLAS - 035205,2024
DOUGLAS - 035206,1046
DOUGLAS - 035207,1348
DOUGLAS - 035208,1955
DOUGLAS - 035209,1540
DOUGLAS - 035210,2500
DOUGLAS - 035211,1808
DOUGLAS - 035212,1508
DOUGLAS - 035213,1124
DOUGLAS - 035214,683
DOUGLAS - 035215,909
DOUGLAS - 035216,875
DOUGLAS - 035217,1460
DOUGLAS - 035218,1086
DOUGLAS - 035219,1039
DOUGLAS - 035220,1431
DOUGLAS - 035221,844
DOUGLAS - 035222,1401
DOUGLAS - 035223,2030
DOUGLAS - 035224,1702
DOUGLAS - 035225,1801
DOUGLAS - 035226,1110
DOUGLAS - 035227,1790
DOUGLAS - 035228,934
DOUGLAS - 035229,1102
DOUGLAS - 035230,946
DOUGLAS - 035231,1631
DOUGLAS - 035232,1026
DOUGLAS - 035233,1775
DOUGLAS - 035234,909
DOUGLAS - 035235,1900
DOUGLAS - 035236,1770
DOUGLAS - 035237,1178
DOUGLAS - 035238,1228
DOUGLAS - 035239,1815
DOUGLAS - 035240,2185
DOUGLAS - 035241,1184
DOUGLAS - 035242,1088
DOUGLAS - 035243,1851
DOUGLAS - 035244,1453
DOUGLAS - 035245,2135
DOUGLAS - 035246,1703
DOUGLAS - 035247,1558
DOUGLAS - 035248,1239
DOUGLAS - 035249,1612
DOUGLAS - 035250,1459
DOUGLAS - 035251,1019
DOUGLAS - 035252,1372
DOUGLAS - 035253,1370
DOUGLAS - 035254,1471
DOUGLAS - 035255,1295
DOUGLAS - 035256,1001
DOUGLAS - 035257,3351
DOUGLAS - 035258,1640
DOUGLAS - 035259,1348
DOUGLAS - 035260,1783
DOUGLAS - 035261,1858
DOUGLAS - 035262,2572
DOUGLAS - 035263,2281
DOUGLAS - 035264,3154
DOUGLAS - 035265,1737
DOUGLAS - 035266,1663
DOUGLAS - 035301,4164
DOUGLAS - 035302,2328
DOUGLAS - 035303,1926
DOUGLAS - 035304,3035
DOUGLAS - 035305,3509
DOUGLAS - 035306,1216
DOUGLAS - 035307,1677
DOUGLAS - 035308,1928
DOUGLAS - 035309,2827
DOUGLAS - 035310,643
DOUGLAS - 035311,1859
DOUGLAS - 035312,1046
DOUGLAS - 035313,967
DOUGLAS - 035314,844
DOUGLAS - 035315,1787
DOUGLAS - 035316,2752
DOUGLAS - 035317,1163
DOUGLAS - 035318,1248
DOUGLAS - 035319,1020
DOUGLAS - 035320,1336
DOUGLAS - 035321,2289
DOUGLAS - 035322,1889
DOUGLAS - 035323,1139
DOUGLAS - 035324,1778
DOUGLAS - 035325,1372
DOUGLAS - 035326,2034
DOUGLAS - 035327,3171
DOUGLAS - 035328,2393
DOUGLAS - 035329,1896
DOUGLAS - 035330,2488
DOUGLAS - 035331,1721
DOUGLAS - 035332,2753
DOUGLAS - 035333,1862
DOUGLAS - 035334,1834
DOUGLAS - 035335,883
DOUGLAS - 035336,1572
DOUGLAS - 035337,1432
DOUGLAS - 035338,2883
DOUGLAS - 035339,2874
DOUGLAS - 035340,1557
DOUGLAS - 035341,1197
DOUGLAS - 035342,1677
DOUGLAS - 035343,2044
DOUGLAS - 035344,3265
DOUGLAS - 035345,1430
DOUGLAS - 035346,1308
DOUGLAS - 035347,1164
DOUGLAS - 035348,1694
DOUGLAS - 035349,3556
DOUGLAS - 035350,1435
DOUGLAS - 035351,3429
DOUGLAS - 035352,1479
DOUGLAS - 035353,1546
DOUGLAS - 035354,3138
DOUGLAS - 035401,1620
DOUGLAS - 035402,796
DOUGLAS - 035403,438
DOUGLAS - 035404,1563
DOUGLAS - 035405,1603
DOUGLAS - 035406,771
DOUGLAS - 035501,3951
DOUGLAS - 035502,1426
DOUGLAS - 035503,1922
DOUGLAS - 035504,2091
DOUGLAS - 035505,1461
DOUGLAS - 035506,2919
DOUGLAS - 035507,2236
DOUGLAS - 035508,1736
DOUGLAS - 035509,1950
DOUGLAS - 035510,4820
DOUGLAS - 035511,1240
DOUGLAS - 035512,1743
EAGLE - 037001,223
EAGLE - 037002,884
EAGLE - 037003,753
EAGLE - 037004,1110
EAGLE - 037005,1929
EAGLE - 037006,1312
EAGLE - 037007,1507
EAGLE - 037008,404
EAGLE - 037009,1007
EAGLE - 037010,160
EAGLE - 037011,1299
EAGLE - 037012,1435
EAGLE - 037013,1036
EAGLE - 037014,831
EAGLE - 037015,1406
EAGLE - 037016,759
EAGLE - 037017,1078
EAGLE - 037018,1292
EAGLE - 037019,2521
EAGLE - 037020,684
EAGLE - 037021,294
EAGLE - 037022,2652
EAGLE - 037023,1998
EAGLE - 037024,2165
EAGLE - 037025,1424
EAGLE - 037026,1846
EAGLE - 037027,2279
EAGLE - 037028,1163
EAGLE - 037029,2115
EAGLE - 037030,1573
EL PASO - 041101,1474
EL PASO - 041102,1521
EL PASO - 041103,2030
EL PASO - 041104,2128
EL PASO - 041105,1588
EL PASO - 041106,2151
EL PASO - 041107,2350
EL PASO - 041108,1490
EL PASO - 041109,246
EL PASO - 041110,1566
EL PASO - 041111,1771
EL PASO - 041112,2126
EL PASO - 041113,1732
EL PASO - 041114,2443
EL PASO - 041115,1433
EL PASO - 041116,1787
EL PASO - 041117,2018
EL PASO - 041118,2631
EL PASO - 041119,2174
EL PASO - 041120,1650
EL PASO - 041121,3818
EL PASO - 041122,3470
EL PASO - 041123,2805
EL PASO - 041124,1393
EL PASO - 041125,2050
EL PASO - 041126,2178
EL PASO - 041127,2831
EL PASO - 041128,2067
EL PASO - 041129,2858
EL PASO - 041130,1948
EL PASO - 041131,2089
EL PASO - 041132,1488
EL PASO - 041133,1377
EL PASO - 041134,1608
EL PASO - 041135,712
EL PASO - 041136,1653
EL PASO - 041137,1218
EL PASO - 041138,1119
EL PASO - 041139,2208
EL PASO - 041140,1667
EL PASO - 041141,1970
EL PASO - 041142,2474
EL PASO - 041143,1257
EL PASO - 041144,1650
EL PASO - 041145,1758
EL PASO - 041146,1094
EL PASO - 041147,1736
EL PASO - 041148,2733
EL PASO - 041149,2169
EL PASO - 041150,1620
EL PASO - 041151,2072
EL PASO - 041152,1978
EL PASO - 041153,2023
EL PASO - 041154,3400
EL PASO - 041155,1237
EL PASO - 041156,1278
EL PASO - 041157,2154
EL PASO - 041158,2104
EL PASO - 041159,307
EL PASO - 041160,2118
EL PASO - 041161,1402
EL PASO - 041162,1753
EL PASO - 041163,1741
EL PASO - 041164,1832
EL PASO - 041165,2090
EL PASO - 041166,2913
EL PASO - 041167,1875
EL PASO - 041168,1556
EL PASO - 041169,2761
EL PASO - 041170,2042
EL PASO - 041171,1480
EL PASO - 041172,1538
EL PASO - 041173,2179
EL PASO - 041174,1201
EL PASO - 041175,897
EL PASO - 041176,3328
EL PASO - 041177,1764
EL PASO - 041178,2013
EL PASO - 041179,1854
EL PASO - 041180,2372
EL PASO - 041181,217
EL PASO - 041182,2388
EL PASO - 041183,1773
EL PASO - 041184,2560
EL PASO - 041185,2260
EL PASO - 041186,2632
EL PASO - 041187,2597
EL PASO - 041188,2605
EL PASO - 041189,1991
EL PASO - 041190,1252
EL PASO - 041191,2762
EL PASO - 041192,2447
EL PASO - 041193,1693
EL PASO - 041194,1525
EL PASO - 041195,1866
EL PASO - 041196,1279
EL PASO - 041197,1508
EL PASO - 041198,1712
EL PASO - 041199,1335
EL PASO - 041200,5705
EL PASO - 041201,1818
EL PASO - 041202,1492
EL PASO - 041203,1322
EL PASO - 041204,1677
EL PASO - 041205,2246
EL PASO - 041206,1366
EL PASO - 041207,2203
EL PASO - 041208,1612
EL PASO - 041209,1889
EL PASO - 041210,1639
EL PASO - 041211,1437
EL PASO - 041212,1861
EL PASO - 041213,896
EL PASO - 041214,1531
EL PASO - 041215,2327
EL PASO - 041216,4500
EL PASO - 041217,2871
EL PASO - 041218,1212
EL PASO - 041219,1521
EL PASO - 041220,2631
EL PASO - 041221,1761
EL PASO - 041222,2975
EL PASO - 041223,2461
EL PASO - 041224,1900
EL PASO - 041225,5547
EL PASO - 041226,966
EL PASO - 041230,1429
EL PASO - 041231,1833
EL PASO - 041232,1696
EL PASO - 041233,1378
EL PASO - 041234,1846
EL PASO - 041235,1944
EL PASO - 041236,1376
EL PASO - 041237,1353
EL PASO - 041238,1237
EL PASO - 041239,1817
EL PASO - 041240,1906
EL PASO - 041241,1894
EL PASO - 041242,2800
EL PASO - 041243,2566
EL PASO - 041244,2274
EL PASO - 041245,1792
EL PASO - 041246,1588
EL PASO - 041247,1117
EL PASO - 041301,995
EL PASO - 041302,2355
EL PASO - 041303,2010
EL PASO - 041304,2082
EL PASO - 041310,1671
EL PASO - 041311,1653
EL PASO - 041312,2133
EL PASO - 041313,1624
EL PASO - 041314,1647
EL PASO - 041315,1407
EL PASO - 041316,1513
EL PASO - 041317,2018
EL PASO - 041318,2111
EL PASO - 041319,1657
EL PASO - 041320,1678
EL PASO - 041321,1678
EL PASO - 041322,1438
EL PASO - 041401,1845
EL PASO - 041402,2370
EL PASO - 041403,1555
EL PASO - 041404,1672
EL PASO - 041405,1649
EL PASO - 041406,1781
EL PASO - 041407,2007
EL PASO - 041408,2508
EL PASO - 041409,1897
EL PASO - 041410,1988
EL PASO - 041411,2371
EL PASO - 041412,2166
EL PASO - 041413,2044
EL PASO - 041414,1924
EL PASO - 041415,2352
EL PASO - 041416,2645
EL PASO - 041417,2229
EL PASO - 041418,1712
EL PASO - 041419,1412
EL PASO - 041420,6385
EL PASO - 041421,1451
EL PASO - 041422,1545
EL PASO - 041423,1731
EL PASO - 041440,2204
EL PASO - 041441,1156
EL PASO - 041442,2620
EL PASO - 041443,1154
EL PASO - 041444,2610
EL PASO - 041445,2804
EL PASO - 041446,4124
EL PASO - 041447,1493
EL PASO - 041448,1334
EL PASO - 041449,1480
EL PASO - 041450,1672
EL PASO - 041451,1700
EL PASO - 041452,1661
EL PASO - 041453,1472
EL PASO - 041454,2831
EL PASO - 041500,333
EL PASO - 041501,1215
EL PASO - 041502,818
EL PASO - 041520,186
EL PASO - 041521,2336
EL PASO - 041522,1928
EL PASO - 041523,1480
EL PASO - 041524,1428
EL PASO - 041525,281
EL PASO - 041554,240
EL PASO - 041560,1817
EL PASO - 041601,1628
EL PASO - 041602,1759
EL PASO - 041603,1957
EL PASO - 041604,2458
EL PASO - 041605,2158
EL PASO - 041606,1612
EL PASO - 041610,2807
EL PASO - 041611,2707
EL PASO - 041612,2698
EL PASO - 041613,2290
EL PASO - 041614,2604
EL PASO - 041615,2175
EL PASO - 041616,2460
EL PASO - 041619,1667
EL PASO - 041620,792
EL PASO - 041621,2823
EL PASO - 041622,2474
EL PASO - 041623,2953
EL PASO - 041624,2815
EL PASO - 041625,2287
EL PASO - 041626,2442
EL PASO - 041627,1751
EL PASO - 041630,2065
EL PASO - 041631,688
EL PASO - 041632,2885
EL PASO - 041633,2054
EL PASO - 041634,2018
EL PASO - 041635,2060
EL PASO - 041636,2395
EL PASO - 041637,2380
EL PASO - 041638,2201
EL PASO - 041639,2726
EL PASO - 041640,1703
EL PASO - 041641,2077
EL PASO - 041642,2654
EL PASO - 041643,1564
EL PASO - 041644,1670
EL PASO - 041650,3262
EL PASO - 041651,4732
EL PASO - 041652,2141
EL PASO - 041653,272
EL PASO - 041721,1597
EL PASO - 041722,1817
EL PASO - 041723,2217
EL PASO - 041724,2436
EL PASO - 041725,2117
EL PASO - 041726,1410
EL PASO - 041727,2085
EL PASO - 041728,2101
EL PASO - 041729,2068
EL PASO - 041730,2035
EL PASO - 041740,1942
EL PASO - 041741,535
EL PASO - 041742,1213
EL PASO - 041743,1398
EL PASO - 041744,1164
EL PASO - 041745,242
EL PASO - 041800,11847
EL PASO - 041801,3296
EL PASO - 041802,2241
EL PASO - 041803,1729
EL PASO - 041804,1156
EL PASO - 041805,2420
EL PASO - 041806,1197
EL PASO - 041807,2620
EL PASO - 041808,2454
EL PASO - 041828,583
EL PASO - 041839,1180
EL PASO - 041901,965
ELBERT - 039001,1285
ELBERT - 039002,2042
ELBERT - 039003,1486
ELBERT - 039004,1743
ELBERT - 039005,830
ELBERT - 039006,1848
ELBERT - 039007,2017
ELBERT - 039008,844
ELBERT - 039009,1999
ELBERT - 039010,1582
ELBERT - 039011,1026
ELBERT - 039012,985
ELBERT - 039013,1082
ELBERT - 039014,1838
ELBERT - 039015,1098
FREMONT - 043001,1052
FREMONT - 043002,1405
FREMONT - 043003,1290
FREMONT - 043004,1236
FREMONT - 043005,929
FREMONT - 043006,840
FREMONT - 043007,3513
FREMONT - 043008,999
FREMONT - 043009,997
FREMONT - 043010,1322
FREMONT - 043011,1880
FREMONT - 043012,2897
FREMONT - 043013,1207
FREMONT - 043014,1109
FREMONT - 043015,967
FREMONT - 043016,1357
FREMONT - 043017,1158
FREMONT - 043018,1626
FREMONT - 043019,2100
FREMONT - 043020,1494
FREMONT - 043021,646
FREMONT - 043022,2030
FREMONT - 043023,468
FREMONT - 043024,935
FREMONT - 043025,223
FREMONT - 043026,644
FREMONT - 043027,4794
FREMONT - 043028,224
FREMONT - 043029,643
FREMONT - 043030,1141
GARFIELD - 045001,2408
GARFIELD - 045002,1765
GARFIELD - 045003,1939
GARFIELD - 045004,1560
GARFIELD - 045005,2270
GARFIELD - 045006,1227
GARFIELD - 045007,657
GARFIELD - 045008,1156
GARFIELD - 045009,1285
GARFIELD - 045010,2492
GARFIELD - 045011,1182
GARFIELD - 045012,1629
GARFIELD - 045013,1241
GARFIELD - 045014,1787
GARFIELD - 045015,1482
GARFIELD - 045016,2217
GARFIELD - 045017,1390
GARFIELD - 045018,660
GARFIELD - 045019,2011
GARFIELD - 045020,1497
GARFIELD - 045021,1837
GARFIELD - 045022,1954
GARFIELD - 045023,1309
GARFIELD - 045024,558
GARFIELD - 045025,1214
GARFIELD - 045026,2199
GARFIELD - 045027,1264
GILPIN - 047001,421
GILPIN - 047002,743
GILPIN - 047003,1275
GILPIN - 047004,640
GILPIN - 047005,888
GILPIN - 047006,900
GRAND - 049001,570
GRAND - 049002,1744
GRAND - 049003,1907
GRAND - 049004,869
GRAND - 049005,1159
GRAND - 049006,795
GRAND - 049007,1192
GRAND - 049008,980
GRAND - 049009,804
GRAND - 049010,1155
GRAND - 049011,639
GRAND - 049012,1120
GUNNISON - 051001,178
GUNNISON - 051002,589
GUNNISON - 051003,1125
GUNNISON - 051004,658
GUNNISON - 051005,1885
GUNNISON - 051006,989
GUNNISON - 051007,665
GUNNISON - 051008,971
GUNNISON - 051009,1255
GUNNISON - 051010,1808
GUNNISON - 051011,577
GUNNISON - 051012,319
GUNNISON - 051013,1210
GUNNISON - 051014,1325
GUNNISON - 051015,771
HINSDALE - 027001,818
HUERFANO - 055001,383
HUERFANO - 055002,919
HUERFANO - 055003,529
HUERFANO - 055004,1018
HUERFANO - 055005,187
HUERFANO - 055006,901
HUERFANO - 055007,271
HUERFANO - 055008,59
HUERFANO - 055009,924
HUERFANO - 055010,585
HUERFANO - 055011,108
JACKSON - 057001,404
JACKSON - 057002,73
JACKSON - 057003,162
JACKSON - 057004,62
JACKSON - 057005,435
JEFFERSON - 059001,161
JEFFERSON - 059002,1243
JEFFERSON - 059003,1171
JEFFERSON - 059004,1905
JEFFERSON - 059005,1670
JEFFERSON - 059006,1908
JEFFERSON - 059007,1960
JEFFERSON - 059008,1898
JEFFERSON - 059009,1507
JEFFERSON - 059010,643
JEFFERSON - 059011,1087
JEFFERSON - 059012,1692
JEFFERSON - 059013,1048
JEFFERSON - 059014,1363
JEFFERSON - 059015,496
JEFFERSON - 059016,2136
JEFFERSON - 059017,1113
JEFFERSON - 059018,1258
JEFFERSON - 059019,2040
JEFFERSON - 059020,1824
JEFFERSON - 059021,1764
JEFFERSON - 059022,1320
JEFFERSON - 059023,1803
JEFFERSON - 059024,1810
JEFFERSON - 059025,1194
JEFFERSON - 059026,2210
JEFFERSON - 059027,1448
JEFFERSON - 059028,1669
JEFFERSON - 059029,1693
JEFFERSON - 059030,2074
JEFFERSON - 059031,1157
JEFFERSON - 059032,1510
JEFFERSON - 059033,1784
JEFFERSON - 059034,1930
JEFFERSON - 059035,1148
JEFFERSON - 059036,2004
JEFFERSON - 059037,1073
JEFFERSON - 059038,1342
JEFFERSON - 059039,1510
JEFFERSON - 059040,1585
JEFFERSON - 059041,1008
JEFFERSON - 059042,1157
JEFFERSON - 059043,679
JEFFERSON - 059044,959
JEFFERSON - 059045,1010
JEFFERSON - 059046,1188
JEFFERSON - 059047,1166
JEFFERSON - 059048,1566
JEFFERSON - 059049,1057
JEFFERSON - 059050,917
JEFFERSON - 059051,1312
JEFFERSON - 059052,1581
JEFFERSON - 059053,1136
JEFFERSON - 059054,1282
JEFFERSON - 059055,623
JEFFERSON - 059056,1042
JEFFERSON - 059057,1675
JEFFERSON - 059058,1945
JEFFERSON - 059059,1401
JEFFERSON - 059060,600
JEFFERSON - 059061,1239
JEFFERSON - 059062,1662
JEFFERSON - 059063,1016
JEFFERSON - 059064,626
JEFFERSON - 059065,1474
JEFFERSON - 059066,1229
JEFFERSON - 059067,1324
JEFFERSON - 059068,816
JEFFERSON - 059069,651
JEFFERSON - 059070,1899
JEFFERSON - 059071,1656
JEFFERSON - 059072,2104
JEFFERSON - 059073,2109
JEFFERSON - 059074,1895
JEFFERSON - 059075,2196
JEFFERSON - 059076,1970
JEFFERSON - 059077,1674
JEFFERSON - 059078,1227
JEFFERSON - 059079,724
JEFFERSON - 059080,1039
JEFFERSON - 059081,1756
JEFFERSON - 059082,1385
JEFFERSON - 059083,731
JEFFERSON - 059084,2217
JEFFERSON - 059085,2285
JEFFERSON - 059086,1461
JEFFERSON - 059087,1064
JEFFERSON - 059088,3039
JEFFERSON - 059089,1553
JEFFERSON - 059090,3586
JEFFERSON - 059091,1679
JEFFERSON - 059092,1051
JEFFERSON - 059093,1880
JEFFERSON - 059094,1513
JEFFERSON - 059095,1541
JEFFERSON - 059096,155
JEFFERSON - 059097,356
JEFFERSON - 059098,966
JEFFERSON - 059099,1903
JEFFERSON - 059100,2002
JEFFERSON - 059101,2312
JEFFERSON - 059102,1208
JEFFERSON - 059103,1955
JEFFERSON - 059104,1317
JEFFERSON - 059105,1877
JEFFERSON - 059106,1904
JEFFERSON - 059107,1619
JEFFERSON - 059108,1256
JEFFERSON - 059109,1525
JEFFERSON - 059110,1634
JEFFERSON - 059111,1985
JEFFERSON - 059112,1779
JEFFERSON - 059113,1649
JEFFERSON - 059114,1894
JEFFERSON - 059115,2000
JEFFERSON - 059116,1429
JEFFERSON - 059117,1940
JEFFERSON - 059118,1572
JEFFERSON - 059119,2639
JEFFERSON - 059120,2973
JEFFERSON - 059121,1709
JEFFERSON - 059122,2603
JEFFERSON - 059123,2009
JEFFERSON - 059124,2250
JEFFERSON - 059125,1589
JEFFERSON - 059126,3531
JEFFERSON - 059127,1949
JEFFERSON - 059128,3708
JEFFERSON - 059129,1435
JEFFERSON - 059130,1378
JEFFERSON - 059131,1530
JEFFERSON - 059132,1316
JEFFERSON - 059133,3019
JEFFERSON - 059134,1412
JEFFERSON - 059135,923
JEFFERSON - 059136,2072
JEFFERSON - 059137,2175
JEFFERSON - 059138,1255
JEFFERSON - 059139,1841
JEFFERSON - 059140,1223
JEFFERSON - 059141,2258
JEFFERSON - 059142,3061
JEFFERSON - 059143,1859
JEFFERSON - 059144,1403
JEFFERSON - 059145,1679
JEFFERSON - 059146,3852
JEFFERSON - 059147,2221
JEFFERSON - 059148,2221
JEFFERSON - 059149,2288
JEFFERSON - 059150,1494
JEFFERSON - 059151,2237
JEFFERSON - 059152,1580
JEFFERSON - 059153,2345
JEFFERSON - 059154,2279
JEFFERSON - 059155,1972
JEFFERSON - 059156,1503
JEFFERSON - 059157,1837
JEFFERSON - 059158,2413
JEFFERSON - 059159,2145
JEFFERSON - 059160,2548
JEFFERSON - 059161,1105
JEFFERSON - 059162,1518
JEFFERSON - 059163,2072
JEFFERSON - 059164,1931
JEFFERSON - 059165,1797
JEFFERSON - 059166,2065
JEFFERSON - 059167,1576
JEFFERSON - 059168,1172
JEFFERSON - 059169,999
JEFFERSON - 059170,1463
JEFFERSON - 059171,1897
JEFFERSON - 059172,1918
JEFFERSON - 059173,2602
JEFFERSON - 059174,1667
JEFFERSON - 059175,1987
JEFFERSON - 059176,1435
JEFFERSON - 059177,1852
JEFFERSON - 059178,2282
JEFFERSON - 059179,2299
JEFFERSON - 059180,1922
JEFFERSON - 059181,1864
JEFFERSON - 059182,2253
JEFFERSON - 059183,1264
JEFFERSON - 059184,2264
JEFFERSON - 059185,1665
JEFFERSON - 059186,2190
JEFFERSON - 059187,1058
JEFFERSON - 059188,1660
JEFFERSON - 059189,2353
JEFFERSON - 059190,1150
JEFFERSON - 059191,2637
JEFFERSON - 059192,1811
JEFFERSON - 059193,1521
JEFFERSON - 059194,2682
JEFFERSON - 059195,2586
JEFFERSON - 059196,1824
JEFFERSON - 059197,1373
JEFFERSON - 059198,3324
JEFFERSON - 059199,1530
JEFFERSON - 059200,2289
JEFFERSON - 059201,1961
JEFFERSON - 059202,1203
JEFFERSON - 059203,632
JEFFERSON - 059204,1517
JEFFERSON - 059205,1752
JEFFERSON - 059206,1082
JEFFERSON - 059207,1536
JEFFERSON - 059208,1628
JEFFERSON - 059209,1626
JEFFERSON - 059210,2776
JEFFERSON - 059211,7892
JEFFERSON - 059212,1835
JEFFERSON - 059213,1549
JEFFERSON - 059214,1970
JEFFERSON - 059215,3001
JEFFERSON - 059216,1919
JEFFERSON - 059217,1498
JEFFERSON - 059218,1850
JEFFERSON - 059219,919
JEFFERSON - 059220,1473
JEFFERSON - 059221,1844
JEFFERSON - 059222,1946
JEFFERSON - 059223,1555
JEFFERSON - 059224,2161
JEFFERSON - 059225,1917
JEFFERSON - 059226,3784
JEFFERSON - 059227,3649
JEFFERSON - 059228,2112
JEFFERSON - 059229,2380
JEFFERSON - 059230,1711
JEFFERSON - 059231,2548
JEFFERSON - 059232,2923
JEFFERSON - 059233,1873
JEFFERSON - 059234,1390
JEFFERSON - 059235,1686
JEFFERSON - 059236,1778
JEFFERSON - 059237,2037
JEFFERSON - 059238,2213
JEFFERSON - 059239,2152
JEFFERSON - 059240,1849
JEFFERSON - 059241,2345
JEFFERSON - 059242,1675
JEFFERSON - 059243,1355
JEFFERSON - 059244,1851
JEFFERSON - 059245,2664
JEFFERSON - 059246,1308
JEFFERSON - 059247,2146
JEFFERSON - 059248,2371
JEFFERSON - 059249,2826
JEFFERSON - 059250,1319
JEFFERSON - 059251,2668
JEFFERSON - 059252,2381
JEFFERSON - 059253,2251
JEFFERSON - 059254,1669
JEFFERSON - 059255,1510
JEFFERSON - 059256,2098
JEFFERSON - 059257,2527
JEFFERSON - 059258,2023
KIOWA - 061001,202
KIOWA - 061002,313
KIOWA - 061003,420
KIOWA - 061004,82
KIT CARSON - 063001,572
KIT CARSON - 063002,459
KIT CARSON - 063003,429
KIT CARSON - 063004,481
KIT CARSON - 063005,498
KIT CARSON - 063006,342
KIT CARSON - 063007,320
KIT CARSON - 063008,329
KIT CARSON - 063009,436
KIT CARSON - 063010,185
KIT CARSON - 063011,281
KIT CARSON - 063012,261
KIT CARSON - 063013,363
LA PLATA - 067001,1180
LA PLATA - 067002,1276
LA PLATA - 067003,1553
LA PLATA - 067004,1674
LA PLATA - 067005,1609
LA PLATA - 067006,568
LA PLATA - 067007,1853
LA PLATA - 067008,2037
LA PLATA - 067009,460
LA PLATA - 067010,887
LA PLATA - 067011,1765
LA PLATA - 067012,1372
LA PLATA - 067013,1297
LA PLATA - 067014,1191
LA PLATA - 067015,970
LA PLATA - 067016,2053
LA PLATA - 067017,1800
LA PLATA - 067018,1027
LA PLATA - 067019,1264
LA PLATA - 067020,1724
LA PLATA - 067021,1229
LA PLATA - 067022,1496
LA PLATA - 067023,1995
LA PLATA - 067024,645
LA PLATA - 067025,1434
LA PLATA - 067026,1460
LA PLATA - 067027,419
LA PLATA - 067028,1611
LA PLATA - 067029,1966
LA PLATA - 067030,3055
LA PLATA - 067031,934
LA PLATA - 067032,1981
LAKE - 065001,822
LAKE - 065002,515
LAKE - 065003,954
LAKE - 065004,1053
LAKE - 065005,817
LAKE - 065006,1175
LARIMER - 069101,1282
LARIMER - 069102,252
LARIMER - 069201,1494
LARIMER - 069202,1822
LARIMER - 069203,1558
LARIMER - 069204,1710
LARIMER - 069205,2170
LARIMER - 069206,1620
LARIMER - 069207,1199
LARIMER - 069208,1852
LARIMER - 069209,1390
LARIMER - 069210,1580
LARIMER - 069211,1815
LARIMER - 069212,1531
LARIMER - 069213,1362
LARIMER - 069214,1132
LARIMER - 069215,1364
LARIMER - 069216,1206
LARIMER - 069217,1445
LARIMER - 069218,1525
LARIMER - 069219,1098
LARIMER - 069220,1268
LARIMER - 069221,2185
LARIMER - 069222,780
LARIMER - 069223,1392
LARIMER - 069224,1180
LARIMER - 069225,1599
LARIMER - 069226,1464
LARIMER - 069227,963
LARIMER - 069228,1466
LARIMER - 069229,1462
LARIMER - 069230,1034
LARIMER - 069231,1313
LARIMER - 069232,1386
LARIMER - 069233,1448
LARIMER - 069234,1957
LARIMER - 069235,2387
LARIMER - 069236,855
LARIMER - 069237,1335
LARIMER - 069238,1235
LARIMER - 069239,3217
LARIMER - 069240,2522
LARIMER - 069241,1217
LARIMER - 069242,2450
LARIMER - 069243,1133
LARIMER - 069244,1143
LARIMER - 069245,900
LARIMER - 069246,1408
LARIMER - 069247,1233
LARIMER - 069301,1308
LARIMER - 069302,1728
LARIMER - 069303,1441
LARIMER - 069304,1215
LARIMER - 069305,1644
LARIMER - 069306,1369
LARIMER - 069307,2474
LARIMER - 069308,2919
LARIMER - 069309,2848
LARIMER - 069310,1549
LARIMER - 069311,1062
LARIMER - 069312,2329
LARIMER - 069313,1504
LARIMER - 069314,1253
LARIMER - 069315,1944
LARIMER - 069316,797
LARIMER - 069317,1212
LARIMER - 069318,1669
LARIMER - 069319,1118
LARIMER - 069320,905
LARIMER - 069321,1967
LARIMER - 069322,1696
LARIMER - 069323,1447
LARIMER - 069324,1484
LARIMER - 069325,1797
LARIMER - 069326,1352
LARIMER - 069327,1207
LARIMER - 069328,1335
LARIMER - 069329,1128
LARIMER - 069330,1470
LARIMER - 069331,978
LARIMER - 069332,1413
LARIMER - 069333,1082
LARIMER - 069334,1814
LARIMER - 069335,1694
LARIMER - 069336,1436
LARIMER - 069337,1738
LARIMER - 069338,2977
LARIMER - 069339,1162
LARIMER - 069340,1085
LARIMER - 069341,1496
LARIMER - 069342,950
LARIMER - 069343,1535
LARIMER - 069344,1042
LARIMER - 069401,1048
LARIMER - 069402,820
LARIMER - 069403,1072
LARIMER - 069404,99
LARIMER - 069405,733
LARIMER - 069406,744
LARIMER - 069407,721
LARIMER - 069408,968
LARIMER - 069409,1131
LARIMER - 069410,1223
LARIMER - 069411,1770
LARIMER - 069412,934
LARIMER - 069413,1277
LARIMER - 069414,1341
LARIMER - 069415,1403
LARIMER - 069416,1713
LARIMER - 069417,1113
LARIMER - 069418,1611
LARIMER - 069419,3749
LARIMER - 069420,1615
LARIMER - 069421,1158
LARIMER - 069422,2036
LARIMER - 069423,1690
LARIMER - 069424,39
LARIMER - 069425,164
LARIMER - 069426,1156
LARIMER - 069427,1323
LARIMER - 069428,1231
LARIMER - 069429,1022
LARIMER - 069430,1026
LARIMER - 069431,1971
LARIMER - 069432,1903
LARIMER - 069433,2009
LARIMER - 069434,1835
LARIMER - 069435,1763
LARIMER - 069436,1267
LARIMER - 069437,1056
LARIMER - 069438,1105
LARIMER - 069439,668
LARIMER - 069440,1435
LARIMER - 069441,883
LARIMER - 069501,1126
LARIMER - 069502,1237
LARIMER - 069503,1391
LARIMER - 069504,1472
LARIMER - 069505,1412
LARIMER - 069506,1235
LARIMER - 069507,1727
LARIMER - 069508,1396
LARIMER - 069509,1036
LARIMER - 069510,1811
LARIMER - 069511,848
LARIMER - 069512,1536
LARIMER - 069513,1657
LARIMER - 069514,1705
LARIMER - 069515,1285
LARIMER - 069516,1401
LARIMER - 069517,1996
LARIMER - 069518,1703
LARIMER - 069519,1561
LARIMER - 069520,2052
LARIMER - 069521,1311
LARIMER - 069522,1678
LARIMER - 069523,1266
LARIMER - 069524,1515
LARIMER - 069525,803
LARIMER - 069526,1680
LARIMER - 069527,1461
LARIMER - 069528,2536
LARIMER - 069529,1359
LARIMER - 069530,2193
LARIMER - 069531,1291
LARIMER - 069532,1843
LARIMER - 069533,1461
LARIMER - 069534,1190
LARIMER - 069535,1505
LARIMER - 069536,1388
LARIMER - 069537,1612
LARIMER - 069538,1387
LARIMER - 069539,2090
LARIMER - 069540,975
LARIMER - 069541,1755
LARIMER - 069542,2335
LARIMER - 069543,974
LARIMER - 069544,1133
LARIMER - 069545,1294
LARIMER - 069546,934
LARIMER - 069547,1171
LARIMER - 069548,1219
LARIMER - 069549,618
LARIMER - 069601,702
LARIMER - 069602,726
LARIMER - 069603,1376
LARIMER - 069701,1404
LARIMER - 069702,875
LARIMER - 069703,1301
LARIMER - 069801,1035
LARIMER - 069802,1260
LARIMER - 069803,2974
LARIMER - 069804,1549
LARIMER - 069805,806
LARIMER - 069806,953
LARIMER - 069807,878
LARIMER - 069808,2368
LARIMER - 069809,1731
LARIMER - 069810,1338
LARIMER - 069811,2855
LARIMER - 069812,1008
LARIMER - 069813,1271
LARIMER - 069814,1209
LAS ANIMAS - 071001,160
LAS ANIMAS - 071002,435
LAS ANIMAS - 071003,1123
LAS ANIMAS - 071004,679
LAS ANIMAS - 071005,466
LAS ANIMAS - 071006,980
LAS ANIMAS - 071007,369
LAS ANIMAS - 071008,197
LAS ANIMAS - 071009,360
LAS ANIMAS - 071010,924
LAS ANIMAS - 071011,2237
LAS ANIMAS - 071012,2174
LAS ANIMAS - 071013,299
LAS ANIMAS - 071014,314
LAS ANIMAS - 071016,797
LINCOLN - 073001,276
LINCOLN - 073002,306
LINCOLN - 073003,1366
LINCOLN - 073004,236
LINCOLN - 073005,599
LINCOLN - 073006,267
LINCOLN - 073007,579
LINCOLN - 073008,31
LINCOLN - 073009,164
LINCOLN - 073010,171
LINCOLN - 073011,63
LINCOLN - 073012,41
LINCOLN - 073013,394
LOGAN - 075001,1346
LOGAN - 075002,1445
LOGAN - 075003,3061
LOGAN - 075004,1345
LOGAN - 075005,1164
LOGAN - 075006,1096
LOGAN - 075007,1482
LOGAN - 075008,922
LOGAN - 075009,1117
LOGAN - 075010,954
LOGAN - 075011,551
LOGAN - 075012,426
LOGAN - 075013,679
LOGAN - 075014,436
LOGAN - 075015,446
LOGAN - 075016,202
MESA - 077001,1996
MESA - 077002,1704
MESA - 077003,1462
MESA - 077004,2067
MESA - 077005,2001
MESA - 077006,2642
MESA - 077007,2041
MESA - 077008,833
MESA - 077009,1083
MESA - 077010,1069
MESA - 077011,259
MESA - 077012,1401
MESA - 077013,2230
MESA - 077014,1531
MESA - 077015,1091
MESA - 077016,1021
MESA - 077017,1069
MESA - 077018,1025
MESA - 077019,742
MESA - 077020,2839
MESA - 077021,2776
MESA - 077022,3114
MESA - 077023,2867
MESA - 077024,3322
MESA - 077025,2560
MESA - 077026,3037
MESA - 077027,2041
MESA - 077028,1848
MESA - 077029,2000
MESA - 077030,3939
MESA - 077031,1188
MESA - 077032,929
MESA - 077033,2153
MESA - 077034,871
MESA - 077035,1544
MESA - 077036,922
MESA - 077037,1330
MESA - 077038,2904
MESA - 077039,2688
MESA - 077040,2164
MESA - 077041,1968
MESA - 077042,1638
MESA - 077043,4289
MESA - 077044,3681
MESA - 077045,3895
MESA - 077046,2733
MESA - 077047,1967
MESA - 077048,2372
MESA - 077049,3218
MESA - 077050,2276
MESA - 077051,1644
MESA - 077052,2867
MESA - 077053,2938
MESA - 077054,4601
MESA - 077055,2287
MESA - 077056,3258
MESA - 077057,2895
MINERAL - 040001,636
MOFFAT - 081001,1611
MOFFAT - 081002,723
MOFFAT - 081003,1238
MOFFAT - 081004,49
MOFFAT - 081005,1318
MOFFAT - 081006,237
MOFFAT - 081007,824
MOFFAT - 081008,309
MOFFAT - 081009,1216
MOFFAT - 081010,95
MOFFAT - 081011,909
MOFFAT - 081012,505
MOFFAT - 081013,578
MONTEZUMA - 083001,386
MONTEZUMA - 083002,2630
MONTEZUMA - 083003,1916
MONTEZUMA - 083004,1204
MONTEZUMA - 083005,2086
MONTEZUMA - 083006,2984
MONTEZUMA - 083007,1998
MONTEZUMA - 083008,1108
MONTEZUMA - 083009,2964
MONTEZUMA - 083010,1962
MONTEZUMA - 083011,1390
MONTROSE - 085001,1522
MONTROSE - 085002,1170
MONTROSE - 085003,1744
MONTROSE - 085004,1995
MONTROSE - 085005,917
MONTROSE - 085006,1033
MONTROSE - 085007,944
MONTROSE - 085008,495
MONTROSE - 085009,2314
MONTROSE - 085010,113
MONTROSE - 085011,218
MONTROSE - 085012,1333
MONTROSE - 085013,1159
MONTROSE - 085014,1050
MONTROSE - 085015,54
MONTROSE - 085016,496
MONTROSE - 085017,1148
MONTROSE - 085018,1088
MONTROSE - 085019,958
MONTROSE - 085020,2027
MONTROSE - 085021,1333
MONTROSE - 085022,1163
MONTROSE - 085023,1343
MONTROSE - 085024,1471
MONTROSE - 085025,1492
MONTROSE - 085026,1460
MONTROSE - 085027,1505
MONTROSE - 085028,1759
MORGAN - 087001,2450
MORGAN - 087002,837
MORGAN - 087003,1411
MORGAN - 087004,901
MORGAN - 087005,1360
MORGAN - 087006,1424
MORGAN - 087007,1263
MORGAN - 087008,1029
MORGAN - 087009,1036
MORGAN - 087010,1403
MORGAN - 087011,1235
MORGAN - 087012,209
MORGAN - 087013,639
MORGAN - 087014,1158
MORGAN - 087015,1137
MORGAN - 087016,1205
MORGAN - 087017,1370
OTERO - 089001,1415
OTERO - 089002,570
OTERO - 089003,1002
OTERO - 089004,698
OTERO - 089005,975
OTERO - 089006,526
OTERO - 089007,639
OTERO - 089008,659
OTERO - 089009,785
OTERO - 089010,698
OTERO - 089011,724
OTERO - 089012,1061
OTERO - 089013,1253
OTERO - 089014,908
OTERO - 089015,541
OTERO - 089016,871
OTERO - 089017,328
OURAY - 091001,460
OURAY - 091002,828
OURAY - 091003,1514
OURAY - 091004,605
OURAY - 091005,942
PARK - 093001,2019
PARK - 093002,1544
PARK - 093003,929
PARK - 093004,346
PARK - 093005,824
PARK - 093006,857
PARK - 093007,955
PARK - 093008,793
PARK - 093009,630
PARK - 093010,1463
PARK - 093011,1068
PARK - 093012,2023
PARK - 093013,1729
PHILLIPS - 095001,907
PHILLIPS - 095002,95
PHILLIPS - 095003,116
PHILLIPS - 095004,75
PHILLIPS - 095005,184
PHILLIPS - 095006,319
PHILLIPS - 095007,576
PHILLIPS - 095008,768
PITKIN - 097001,1359
PITKIN - 097002,946
PITKIN - 097003,1382
PITKIN - 097004,1220
PITKIN - 097005,990
PITKIN - 097006,2349
PITKIN - 097007,2124
PITKIN - 097008,1041
PITKIN - 097009,1789
PITKIN - 097010,613
PROWERS - 099001,665
PROWERS - 099002,469
PROWERS - 099003,692
PROWERS - 099004,575
PROWERS - 099005,962
PROWERS - 099006,409
PROWERS - 099007,527
PROWERS - 099008,665
PROWERS - 099009,511
PROWERS - 099010,1259
PROWERS - 099011,569
PROWERS - 099012,531
PROWERS - 099013,551
PUEBLO - 101001,1957
PUEBLO - 101002,2119
PUEBLO - 101003,1544
PUEBLO - 101004,1299
PUEBLO - 101005,607
PUEBLO - 101006,1455
PUEBLO - 101007,1101
PUEBLO - 101008,1350
PUEBLO - 101009,793
PUEBLO - 101010,2010
PUEBLO - 101011,1170
PUEBLO - 101012,1385
PUEBLO - 101013,1093
PUEBLO - 101014,1175
PUEBLO - 101015,1002
PUEBLO - 101016,1091
PUEBLO - 101017,1135
PUEBLO - 101018,2115
PUEBLO - 101019,408
PUEBLO - 101020,256
PUEBLO - 101021,1052
PUEBLO - 101022,2604
PUEBLO - 101023,990
PUEBLO - 101024,723
PUEBLO - 101025,864
PUEBLO - 101026,1083
PUEBLO - 101027,935
PUEBLO - 101028,874
PUEBLO - 101029,607
PUEBLO - 101030,1242
PUEBLO - 101031,1234
PUEBLO - 101032,865
PUEBLO - 101033,583
PUEBLO - 101034,1008
PUEBLO - 101035,808
PUEBLO - 101036,687
PUEBLO - 101037,645
PUEBLO - 101038,906
PUEBLO - 101039,525
PUEBLO - 101040,655
PUEBLO - 101041,530
PUEBLO - 101042,507
PUEBLO - 101043,570
PUEBLO - 101044,819
PUEBLO - 101045,157
PUEBLO - 101046,995
PUEBLO - 101047,615
PUEBLO - 101048,798
PUEBLO - 101049,617
PUEBLO - 101050,1323
PUEBLO - 101051,1081
PUEBLO - 101052,865
PUEBLO - 101053,640
PUEBLO - 101054,771
PUEBLO - 101055,602
PUEBLO - 101056,564
PUEBLO - 101057,797
PUEBLO - 101058,630
PUEBLO - 101059,496
PUEBLO - 101060,1103
PUEBLO - 101061,917
PUEBLO - 101062,934
PUEBLO - 101063,1194
PUEBLO - 101064,354
PUEBLO - 101065,140
PUEBLO - 101066,1096
PUEBLO - 101067,721
PUEBLO - 101068,695
PUEBLO - 101069,1210
PUEBLO - 101070,834
PUEBLO - 101071,1050
PUEBLO - 101072,1047
PUEBLO - 101073,751
PUEBLO - 101074,1024
PUEBLO - 101075,1143
PUEBLO - 101076,594
PUEBLO - 101077,764
PUEBLO - 101078,702
PUEBLO - 101079,994
PUEBLO - 101080,1369
PUEBLO - 101081,810
PUEBLO - 101082,1647
PUEBLO - 101083,898
PUEBLO - 101084,1017
PUEBLO - 101085,920
PUEBLO - 101086,1458
PUEBLO - 101087,822
PUEBLO - 101088,1620
PUEBLO - 101101,585
PUEBLO - 101102,917
PUEBLO - 101103,790
PUEBLO - 101104,788
PUEBLO - 101105,1260
PUEBLO - 101106,998
PUEBLO - 101107,1392
PUEBLO - 101108,894
PUEBLO - 101109,770
PUEBLO - 101110,239
PUEBLO - 101111,563
PUEBLO - 101112,365
PUEBLO - 101113,1317
PUEBLO - 101201,2117
PUEBLO - 101202,1624
PUEBLO - 101203,1337
PUEBLO - 101204,1184
PUEBLO - 101205,1291
PUEBLO - 101206,1506
PUEBLO - 101207,1437
PUEBLO - 101208,1608
PUEBLO - 101209,1248
PUEBLO - 101210,598
PUEBLO - 101211,1208
PUEBLO - 101212,1051
PUEBLO - 101213,1468
PUEBLO - 101214,1956
PUEBLO - 101215,1141
PUEBLO - 101216,843
PUEBLO - 101217,755
PUEBLO - 101218,1458
PUEBLO - 101219,1330
PUEBLO - 101220,1202
PUEBLO - 101301,1280
PUEBLO - 101302,991
PUEBLO - 101303,451
PUEBLO - 101304,576
PUEBLO - 101401,1104
PUEBLO - 101402,697
PUEBLO - 101403,922
RIO BLANCO - 103001,1255
RIO BLANCO - 103002,846
RIO BLANCO - 103003,1138
RIO BLANCO - 103004,1435
RIO BLANCO - 103005,51
RIO GRANDE - 105001,391
RIO GRANDE - 105002,832
RIO GRANDE - 105003,907
RIO GRANDE - 105004,437
RIO GRANDE - 105005,558
RIO GRANDE - 105006,325
RIO GRANDE - 105007,465
RIO GRANDE - 105008,705
RIO GRANDE - 105009,516
RIO GRANDE - 105010,1103
RIO GRANDE - 105011,577
RIO GRANDE - 105012,383
RIO GRANDE - 105013,347
RIO GRANDE - 105014,352
RIO GRANDE - 105015,800
ROUTT - 107001,857
ROUTT - 107002,654
ROUTT - 107003,896
ROUTT - 107004,652
ROUTT - 107005,1622
ROUTT - 107006,1252
ROUTT - 107007,617
ROUTT - 107008,1098
ROUTT - 107009,1208
ROUTT - 107010,503
ROUTT - 107011,1786
ROUTT - 107012,538
ROUTT - 107013,1087
ROUTT - 107014,850
ROUTT - 107015,1673
ROUTT - 107016,1716
ROUTT - 107017,1253
ROUTT - 107018,1827
SAGUACHE - 109001,1592
SAGUACHE - 109002,163
SAGUACHE - 109003,236
SAGUACHE - 109004,330
SAGUACHE - 109005,772
SAGUACHE - 109006,902
SAGUACHE - 109007,1241
SAN JUAN - 111001,575
SAN MIGUEL - 113001,1740
SAN MIGUEL - 113002,1281
SAN MIGUEL - 113003,593
SAN MIGUEL - 113004,998
SAN MIGUEL - 113005,116
SAN MIGUEL - 113006,1574
SEDGWICK - 115001,443
SEDGWICK - 115002,332
SEDGWICK - 115003,349
SEDGWICK - 115004,279
SEDGWICK - 115005,329
SUMMIT - 117001,1396
SUMMIT - 117002,1246
SUMMIT - 117003,793
SUMMIT - 117004,1463
SUMMIT - 117005,1800
SUMMIT - 117006,1265
SUMMIT - 117007,1280
SUMMIT - 117008,485
SUMMIT - 117009,2020
SUMMIT - 117010,916
SUMMIT - 117011,778
SUMMIT - 117012,446
SUMMIT - 117013,1287
SUMMIT - 117014,1229
SUMMIT - 117015,924
SUMMIT - 117016,1104
SUMMIT - 117017,1347
SUMMIT - 117018,1288
SUMMIT - 117019,1605
SUMMIT - 117020,1722
TELLER - 119001,1415
TELLER - 119002,1367
TELLER - 119003,2080
TELLER - 119004,1976
TELLER - 119005,1045
TELLER - 119006,580
TELLER - 119007,2045
TELLER - 119008,1524
TELLER - 119009,1621
TELLER - 119010,1693
TELLER - 119011,2177
TELLER - 119012,1926
TELLER - 119013,1315
WASHINGTON - 121001,152
WASHINGTON - 121002,1931
WASHINGTON - 121003,186
WASHINGTON - 121004,702
WASHINGTON - 121005,261
WASHINGTON - 121006,408
WELD - 123100,1649
WELD - 123101,344
WELD - 123102,282
WELD - 123103,492
WELD - 123104,1049
WELD - 123105,2713
WELD - 123106,2874
WELD - 123107,2010
WELD - 123108,1889
WELD - 123109,1828
WELD - 123110,1503
WELD - 123111,1928
WELD - 123112,2113
WELD - 123113,2246
WELD - 123114,1272
WELD - 123115,1313
WELD - 123116,980
WELD - 123117,1752
WELD - 123118,1397
WELD - 123119,843
WELD - 123120,333
WELD - 123121,2995
WELD - 123122,1072
WELD - 123123,1902
WELD - 123124,1416
WELD - 123125,869
WELD - 123126,2030
WELD - 123127,1887
WELD - 123128,804
WELD - 123129,262
WELD - 123130,2983
WELD - 123131,1607
WELD - 123132,1544
WELD - 123133,2247
WELD - 123134,2057
WELD - 123135,1097
WELD - 123136,1229
WELD - 123137,2200
WELD - 123138,3662
WELD - 123139,1569
WELD - 123140,1616
WELD - 123141,2006
WELD - 123142,548
WELD - 123143,2963
WELD - 123144,944
WELD - 123145,13
WELD - 123146,946
WELD - 123147,850
WELD - 123148,1204
WELD - 123149,728
WELD - 123150,939
WELD - 123151,1436
WELD - 123152,602
WELD - 123153,1437
WELD - 123200,1762
WELD - 123202,616
WELD - 123203,1393
WELD - 123204,1226
WELD - 123205,1778
WELD - 123206,868
WELD - 123207,2513
WELD - 123208,1225
WELD - 123209,1713
WELD - 123210,1573
WELD - 123211,1571
WELD - 123212,1682
WELD - 123213,2864
WELD - 123214,1383
WELD - 123215,1360
WELD - 123216,972
WELD - 123217,1772
WELD - 123218,3219
WELD - 123219,1268
WELD - 123220,951
WELD - 123221,1372
WELD - 123222,1830
WELD - 123223,1378
WELD - 123224,728
WELD - 123225,1456
WELD - 123226,801
WELD - 123227,1657
WELD - 123228,2716
WELD - 123229,1096
WELD - 123230,1012
WELD - 123231,389
WELD - 123232,1156
WELD - 123233,3039
WELD - 123234,1484
WELD - 123235,1150
WELD - 123236,2138
WELD - 123237,2412
WELD - 123238,1760
WELD - 123239,946
WELD - 123240,1976
WELD - 123241,941
WELD - 123242,2490
WELD - 123243,1534
WELD - 123244,1873
WELD - 123245,2242
WELD - 123246,3160
WELD - 123247,1082
WELD - 123248,1444
WELD - 123249,1962
WELD - 123250,1360
WELD - 123251,773
WELD - 123252,1373
WELD - 123253,1024
WELD - 123254,749
WELD - 123255,2199
WELD - 123300,2175
WELD - 123301,2072
WELD - 123302,2522
WELD - 123303,895
WELD - 123304,2040
WELD - 123305,1392
WELD - 123306,1345
WELD - 123307,4692
WELD - 123308,915
WELD - 123309,1000
WELD - 123310,974
WELD - 123311,1811
WELD - 123312,455
WELD - 123313,755
WELD - 123314,2477
WELD - 123315,0
WELD - 123316,1272
WELD - 123317,3130
WELD - 123318,1470
WELD - 123319,2326
WELD - 123320,1120
WELD - 123321,2082
WELD - 123322,2349
WELD - 123323,2013
WELD - 123324,2881
WELD - 123325,1907
WELD - 123326,1499
WELD - 123327,2783
WELD - 123328,488
WELD - 123329,1754
WELD - 123330,1420
WELD - 123331,1724
WELD - 123332,926
WELD - 123333,1156
WELD - 123334,2193
WELD - 123335,1697
WELD - 123336,836
WELD - 123337,1543
WELD - 123338,55
WELD - 123339,2274
WELD - 123340,2594
WELD - 123341,1556
WELD - 123342,1239
WELD - 123343,1012
WELD - 123344,1124
WELD - 123345,1548
WELD - 123346,1601
YUMA - 125001,376
YUMA - 125002,629
YUMA - 125003,276
YUMA - 125004,865
YUMA - 125005,208
YUMA - 125006,610
YUMA - 125007,79
YUMA - 125008,148
YUMA - 125009,334
YUMA - 125010,414
YUMA - 125011,772
YUMA - 125012,411
YUMA - 125013,567
YUMA - 125014,506
